notebook_path,relative_notebook_path,function_name,cell_number_1_based,cell_index_0_based,position_ratio,line_in_cell,preceding_heading,cell_stage,cell_line_count,first_use_cell_after_def_1_based,cell_gap_to_first_use,call_count_excluding_def_lines,modified_vs_head_before_audit
D:\Benjamin Data\Introduction to AI\Intro-to-AI\Training\Download Dataset Script.ipynb,Training/Download Dataset Script.ipynb,list_repo_files_with_status,7,6,0.25,12,## Repo Listing,dataset loading; function definitions,42,,,0,False
D:\Benjamin Data\Introduction to AI\Intro-to-AI\Training\Model Variants\Analysis\Dataset_Sample_Rate.ipynb,Training/Model Variants/Analysis/Dataset_Sample_Rate.ipynb,first_existing_path,5,4,0.25,16,"### Imports, Configuration and Paths",dataset loading; feature preparation; training; outputs/saving; function definitions,101,7,2,2,False
D:\Benjamin Data\Introduction to AI\Intro-to-AI\Training\Model Variants\Analysis\Dataset_Sample_Rate.ipynb,Training/Model Variants/Analysis/Dataset_Sample_Rate.ipynb,parse_bona_fide_metadata,5,4,0.25,43,"### Imports, Configuration and Paths",dataset loading; feature preparation; training; outputs/saving; function definitions,101,,,1,False
D:\Benjamin Data\Introduction to AI\Intro-to-AI\Training\Model Variants\Analysis\Dataset_Sample_Rate.ipynb,Training/Model Variants/Analysis/Dataset_Sample_Rate.ipynb,parse_synthetic_metadata,5,4,0.25,33,"### Imports, Configuration and Paths",dataset loading; feature preparation; training; outputs/saving; function definitions,101,,,1,False
D:\Benjamin Data\Introduction to AI\Intro-to-AI\Training\Model Variants\Analysis\Dataset_Sample_Rate.ipynb,Training/Model Variants/Analysis/Dataset_Sample_Rate.ipynb,read_audio_metadata,5,4,0.25,79,"### Imports, Configuration and Paths",dataset loading; feature preparation; training; outputs/saving; function definitions,101,11,6,1,False
D:\Benjamin Data\Introduction to AI\Intro-to-AI\Training\Model Variants\Analysis\Dataset_Sample_Rate.ipynb,Training/Model Variants/Analysis/Dataset_Sample_Rate.ipynb,resolve_project_root,5,4,0.25,1,"### Imports, Configuration and Paths",dataset loading; feature preparation; training; outputs/saving; function definitions,101,7,2,1,False
D:\Benjamin Data\Introduction to AI\Intro-to-AI\Training\Model Variants\Analysis\Dataset_Sample_Rate.ipynb,Training/Model Variants/Analysis/Dataset_Sample_Rate.ipynb,scan_audio_paths,5,4,0.25,50,"### Imports, Configuration and Paths",dataset loading; feature preparation; training; outputs/saving; function definitions,101,9,4,2,False
D:\Benjamin Data\Introduction to AI\Intro-to-AI\Training\Model Variants\Analysis\Dataset_Sample_Rate.ipynb,Training/Model Variants/Analysis/Dataset_Sample_Rate.ipynb,mount_drive_if_colab,6,5,0.3125,4,"### Imports, Configuration and Paths",imports/setup; function definitions,12,,,1,False
D:\Benjamin Data\Introduction to AI\Intro-to-AI\Training\Model Variants\Analysis\Feature_Analysis_PCA_MFCC.ipynb,Training/Model Variants/Analysis/Feature_Analysis_PCA_MFCC.ipynb,mount_drive_if_colab,13,12,0.2264,4,### Dataset Paths,imports/setup; function definitions,12,,,1,True
D:\Benjamin Data\Introduction to AI\Intro-to-AI\Training\Model Variants\Analysis\Feature_Analysis_PCA_MFCC.ipynb,Training/Model Variants/Analysis/Feature_Analysis_PCA_MFCC.ipynb,scan_audio_files,18,17,0.3208,4,### Dataset Loading / Audio File Scan,dataset loading; outputs/saving; function definitions,21,20,2,2,True
D:\Benjamin Data\Introduction to AI\Intro-to-AI\Training\Model Variants\Analysis\Feature_Analysis_PCA_MFCC.ipynb,Training/Model Variants/Analysis/Feature_Analysis_PCA_MFCC.ipynb,aggregate_mfcc,30,29,0.5472,35,### MFCC Feature Extraction,configuration/paths; feature preparation; function definitions,39,39,9,1,True
D:\Benjamin Data\Introduction to AI\Intro-to-AI\Training\Model Variants\Analysis\Feature_Analysis_PCA_MFCC.ipynb,Training/Model Variants/Analysis/Feature_Analysis_PCA_MFCC.ipynb,extract_mfcc_features,30,29,0.5472,22,### MFCC Feature Extraction,configuration/paths; feature preparation; function definitions,39,39,9,1,True
D:\Benjamin Data\Introduction to AI\Intro-to-AI\Training\Model Variants\Analysis\Feature_Analysis_PCA_MFCC.ipynb,Training/Model Variants/Analysis/Feature_Analysis_PCA_MFCC.ipynb,load_audio_fixed,30,29,0.5472,5,### MFCC Feature Extraction,configuration/paths; feature preparation; function definitions,39,,,1,True
D:\Benjamin Data\Introduction to AI\Intro-to-AI\Training\Model Variants\Analysis\Feature_Analysis_PCA_MFCC.ipynb,Training/Model Variants/Analysis/Feature_Analysis_PCA_MFCC.ipynb,build_feature_table,39,38,0.717,5,### Aggregated MFCC Feature Preparation,dataset loading; feature preparation; training; outputs/saving; function definitions,27,51,12,3,True
D:\Benjamin Data\Introduction to AI\Intro-to-AI\Training\Model Variants\Analysis\Feature_Importance_MFCC.ipynb,Training/Model Variants/Analysis/Feature_Importance_MFCC.ipynb,mount_google_drive_if_colab,5,4,0.25,5,### Setup,imports/setup; function definitions,24,,,1,False
D:\Benjamin Data\Introduction to AI\Intro-to-AI\Training\Model Variants\Analysis\Feature_Importance_MFCC.ipynb,Training/Model Variants/Analysis/Feature_Importance_MFCC.ipynb,find_outputs_root,7,6,0.375,13,### Setup,outputs/saving; function definitions,72,8,1,2,False
D:\Benjamin Data\Introduction to AI\Intro-to-AI\Training\Model Variants\Analysis\Feature_Importance_MFCC.ipynb,Training/Model Variants/Analysis/Feature_Importance_MFCC.ipynb,output_root_has_required_artifacts,7,6,0.375,2,### Setup,outputs/saving; function definitions,72,,,1,False
D:\Benjamin Data\Introduction to AI\Intro-to-AI\Training\Model Variants\Analysis\Feature_Importance_MFCC.ipynb,Training/Model Variants/Analysis/Feature_Importance_MFCC.ipynb,resolve_project_root,7,6,0.375,38,### Setup,outputs/saving; function definitions,72,8,1,1,False
D:\Benjamin Data\Introduction to AI\Intro-to-AI\Training\Model Variants\Analysis\MLAAD_Scan_MFCC_Analysis_cache.ipynb,Training/Model Variants/Analysis/MLAAD_Scan_MFCC_Analysis_cache.ipynb,mount_drive_if_colab,13,12,0.3,4,### Dataset Paths,imports/setup; function definitions,13,,,1,False
D:\Benjamin Data\Introduction to AI\Intro-to-AI\Training\Model Variants\Analysis\MLAAD_Scan_MFCC_Analysis_cache.ipynb,Training/Model Variants/Analysis/MLAAD_Scan_MFCC_Analysis_cache.ipynb,extract_mfcc_features,17,16,0.4,31,### Class and Function Instantiation,configuration/paths; dataset loading; feature preparation; outputs/saving; function definitions,64,35,18,1,False
D:\Benjamin Data\Introduction to AI\Intro-to-AI\Training\Model Variants\Analysis\MLAAD_Scan_MFCC_Analysis_cache.ipynb,Training/Model Variants/Analysis/MLAAD_Scan_MFCC_Analysis_cache.ipynb,load_audio_fixed,17,16,0.4,15,### Class and Function Instantiation,configuration/paths; dataset loading; feature preparation; outputs/saving; function definitions,64,,,1,False
D:\Benjamin Data\Introduction to AI\Intro-to-AI\Training\Model Variants\Analysis\MLAAD_Scan_MFCC_Analysis_cache.ipynb,Training/Model Variants/Analysis/MLAAD_Scan_MFCC_Analysis_cache.ipynb,read_audio_duration,17,16,0.4,4,### Class and Function Instantiation,configuration/paths; dataset loading; feature preparation; outputs/saving; function definitions,64,,,0,False
D:\Benjamin Data\Introduction to AI\Intro-to-AI\Training\Model Variants\Analysis\MLAAD_Scan_MFCC_Analysis_cache.ipynb,Training/Model Variants/Analysis/MLAAD_Scan_MFCC_Analysis_cache.ipynb,scan_audio_files,17,16,0.4,45,### Class and Function Instantiation,configuration/paths; dataset loading; feature preparation; outputs/saving; function definitions,64,20,3,2,False
D:\Benjamin Data\Introduction to AI\Intro-to-AI\Training\Model Variants\Boost\XGBoost\XGBoost_Baseline.ipynb,Training/Model Variants/Boost/XGBoost/XGBoost_Baseline.ipynb,mount_drive_if_colab,13,12,0.2143,4,## 5. Dataset Paths,imports/setup; function definitions,12,,,1,False
D:\Benjamin Data\Introduction to AI\Intro-to-AI\Training\Model Variants\Boost\XGBoost\XGBoost_Baseline.ipynb,Training/Model Variants/Boost/XGBoost/XGBoost_Baseline.ipynb,scan_audio_files,18,17,0.3036,4,## 6. Dataset Loading / Audio File Scan,dataset loading; outputs/saving; function definitions,21,20,2,2,False
D:\Benjamin Data\Introduction to AI\Intro-to-AI\Training\Model Variants\Boost\XGBoost\XGBoost_Baseline.ipynb,Training/Model Variants/Boost/XGBoost/XGBoost_Baseline.ipynb,aggregate_mfcc,30,29,0.5179,35,## 10. MFCC Feature Extraction,configuration/paths; feature preparation; function definitions,39,39,9,1,False
D:\Benjamin Data\Introduction to AI\Intro-to-AI\Training\Model Variants\Boost\XGBoost\XGBoost_Baseline.ipynb,Training/Model Variants/Boost/XGBoost/XGBoost_Baseline.ipynb,extract_mfcc_features,30,29,0.5179,22,## 10. MFCC Feature Extraction,configuration/paths; feature preparation; function definitions,39,39,9,1,False
D:\Benjamin Data\Introduction to AI\Intro-to-AI\Training\Model Variants\Boost\XGBoost\XGBoost_Baseline.ipynb,Training/Model Variants/Boost/XGBoost/XGBoost_Baseline.ipynb,load_audio_fixed,30,29,0.5179,5,## 10. MFCC Feature Extraction,configuration/paths; feature preparation; function definitions,39,,,1,False
D:\Benjamin Data\Introduction to AI\Intro-to-AI\Training\Model Variants\Boost\XGBoost\XGBoost_Baseline.ipynb,Training/Model Variants/Boost/XGBoost/XGBoost_Baseline.ipynb,build_feature_table,39,38,0.6786,5,## 13. Aggregated MFCC Feature Preparation,dataset loading; feature preparation; training; outputs/saving; function definitions,27,51,12,3,False
D:\Benjamin Data\Introduction to AI\Intro-to-AI\Training\Model Variants\Boost\XGBoost\XGBoost_ColsampleBytree_Trial.ipynb,Training/Model Variants/Boost/XGBoost/XGBoost_ColsampleBytree_Trial.ipynb,mount_drive_if_colab,13,12,0.6316,2,## 5. Project and Output Paths,imports/setup; function definitions,17,,,1,False
D:\Benjamin Data\Introduction to AI\Intro-to-AI\Training\Model Variants\Boost\XGBoost\XGBoost_ColsampleBytree_Trial.ipynb,Training/Model Variants/Boost/XGBoost/XGBoost_ColsampleBytree_Trial.ipynb,first_existing_path,15,14,0.7368,23,## 5. Project and Output Paths,configuration/paths; evaluation; outputs/saving; function definitions,54,,,2,False
D:\Benjamin Data\Introduction to AI\Intro-to-AI\Training\Model Variants\Boost\XGBoost\XGBoost_ColsampleBytree_Trial.ipynb,Training/Model Variants/Boost/XGBoost/XGBoost_ColsampleBytree_Trial.ipynb,resolve_project_root,15,14,0.7368,2,## 5. Project and Output Paths,configuration/paths; evaluation; outputs/saving; function definitions,54,,,1,False
D:\Benjamin Data\Introduction to AI\Intro-to-AI\Training\Model Variants\Boost\XGBoost\XGBoost_ColsampleBytree_Trial.ipynb,Training/Model Variants/Boost/XGBoost/XGBoost_ColsampleBytree_Trial.ipynb,require_file,18,17,0.8947,2,## 6. Load Shared SVM Cache,dataset loading; feature preparation; training; function definitions,41,,,8,False
D:\Benjamin Data\Introduction to AI\Intro-to-AI\Training\Model Variants\Boost\XGBoost\XGBoost_Final_Selected_Model.ipynb,Training/Model Variants/Boost/XGBoost/XGBoost_Final_Selected_Model.ipynb,mount_drive_if_colab,14,13,0.3939,2,## 5. Project and Output Paths,imports/setup; function definitions,17,,,1,False
D:\Benjamin Data\Introduction to AI\Intro-to-AI\Training\Model Variants\Boost\XGBoost\XGBoost_Final_Selected_Model.ipynb,Training/Model Variants/Boost/XGBoost/XGBoost_Final_Selected_Model.ipynb,first_existing_path,16,15,0.4545,23,## 5. Project and Output Paths,configuration/paths; evaluation; outputs/saving; function definitions,54,,,2,False
D:\Benjamin Data\Introduction to AI\Intro-to-AI\Training\Model Variants\Boost\XGBoost\XGBoost_Final_Selected_Model.ipynb,Training/Model Variants/Boost/XGBoost/XGBoost_Final_Selected_Model.ipynb,resolve_project_root,16,15,0.4545,2,## 5. Project and Output Paths,configuration/paths; evaluation; outputs/saving; function definitions,54,,,1,False
D:\Benjamin Data\Introduction to AI\Intro-to-AI\Training\Model Variants\Boost\XGBoost\XGBoost_Final_Selected_Model.ipynb,Training/Model Variants/Boost/XGBoost/XGBoost_Final_Selected_Model.ipynb,require_file,19,18,0.5455,2,## 6. Load Shared SVM Cache,dataset loading; feature preparation; training; outputs/saving; function definitions,51,,,11,False
D:\Benjamin Data\Introduction to AI\Intro-to-AI\Training\Model Variants\Boost\XGBoost\XGBoost_LearningRate_Trial.ipynb,Training/Model Variants/Boost/XGBoost/XGBoost_LearningRate_Trial.ipynb,mount_drive_if_colab,14,13,0.3095,4,## 5. Dataset Paths,imports/setup; function definitions,12,,,1,False
D:\Benjamin Data\Introduction to AI\Intro-to-AI\Training\Model Variants\Boost\XGBoost\XGBoost_LearningRate_Trial.ipynb,Training/Model Variants/Boost/XGBoost/XGBoost_LearningRate_Trial.ipynb,aggregate_mfcc,18,17,0.4048,59,### Class and Function Instantiation,configuration/paths; dataset loading; feature preparation; training; outputs/saving; function definitions,63,,,1,False
D:\Benjamin Data\Introduction to AI\Intro-to-AI\Training\Model Variants\Boost\XGBoost\XGBoost_LearningRate_Trial.ipynb,Training/Model Variants/Boost/XGBoost/XGBoost_LearningRate_Trial.ipynb,build_feature_table,18,17,0.4048,5,### Class and Function Instantiation,configuration/paths; dataset loading; feature preparation; training; outputs/saving; function definitions,63,38,20,2,False
D:\Benjamin Data\Introduction to AI\Intro-to-AI\Training\Model Variants\Boost\XGBoost\XGBoost_LearningRate_Trial.ipynb,Training/Model Variants/Boost/XGBoost/XGBoost_LearningRate_Trial.ipynb,extract_mfcc_features,18,17,0.4048,46,### Class and Function Instantiation,configuration/paths; dataset loading; feature preparation; training; outputs/saving; function definitions,63,,,1,False
D:\Benjamin Data\Introduction to AI\Intro-to-AI\Training\Model Variants\Boost\XGBoost\XGBoost_LearningRate_Trial.ipynb,Training/Model Variants/Boost/XGBoost/XGBoost_LearningRate_Trial.ipynb,load_audio_fixed,18,17,0.4048,29,### Class and Function Instantiation,configuration/paths; dataset loading; feature preparation; training; outputs/saving; function definitions,63,,,1,False
D:\Benjamin Data\Introduction to AI\Intro-to-AI\Training\Model Variants\Boost\XGBoost\XGBoost_LearningRate_Trial.ipynb,Training/Model Variants/Boost/XGBoost/XGBoost_LearningRate_Trial.ipynb,scan_audio_files,21,20,0.4762,4,## 6. Dataset Loading / Audio File Scan,dataset loading; outputs/saving; function definitions,21,23,2,2,False
D:\Benjamin Data\Introduction to AI\Intro-to-AI\Training\Model Variants\Boost\XGBoost\XGBoost_MaxDepth_Trial.ipynb,Training/Model Variants/Boost/XGBoost/XGBoost_MaxDepth_Trial.ipynb,mount_drive_if_colab,14,13,0.3023,4,## 5. Dataset Paths,imports/setup; function definitions,12,,,1,False
D:\Benjamin Data\Introduction to AI\Intro-to-AI\Training\Model Variants\Boost\XGBoost\XGBoost_MaxDepth_Trial.ipynb,Training/Model Variants/Boost/XGBoost/XGBoost_MaxDepth_Trial.ipynb,scan_audio_files,19,18,0.4186,4,## 6. Dataset Loading / Audio File Scan,dataset loading; outputs/saving; function definitions,21,21,2,2,False
D:\Benjamin Data\Introduction to AI\Intro-to-AI\Training\Model Variants\Boost\XGBoost\XGBoost_MaxDepth_Trial.ipynb,Training/Model Variants/Boost/XGBoost/XGBoost_MaxDepth_Trial.ipynb,aggregate_mfcc,30,29,0.6744,35,### MFCC Feature Extraction,configuration/paths; feature preparation; function definitions,39,39,9,1,False
D:\Benjamin Data\Introduction to AI\Intro-to-AI\Training\Model Variants\Boost\XGBoost\XGBoost_MaxDepth_Trial.ipynb,Training/Model Variants/Boost/XGBoost/XGBoost_MaxDepth_Trial.ipynb,extract_mfcc_features,30,29,0.6744,22,### MFCC Feature Extraction,configuration/paths; feature preparation; function definitions,39,39,9,1,False
D:\Benjamin Data\Introduction to AI\Intro-to-AI\Training\Model Variants\Boost\XGBoost\XGBoost_MaxDepth_Trial.ipynb,Training/Model Variants/Boost/XGBoost/XGBoost_MaxDepth_Trial.ipynb,load_audio_fixed,30,29,0.6744,5,### MFCC Feature Extraction,configuration/paths; feature preparation; function definitions,39,,,1,False
D:\Benjamin Data\Introduction to AI\Intro-to-AI\Training\Model Variants\Boost\XGBoost\XGBoost_MaxDepth_Trial.ipynb,Training/Model Variants/Boost/XGBoost/XGBoost_MaxDepth_Trial.ipynb,build_feature_table,39,38,0.8837,5,### Aggregated MFCC Feature Preparation,dataset loading; feature preparation; training; outputs/saving; function definitions,27,,,2,False
D:\Benjamin Data\Introduction to AI\Intro-to-AI\Training\Model Variants\Boost\XGBoost\XGBoost_NEstimators_Trial.ipynb,Training/Model Variants/Boost/XGBoost/XGBoost_NEstimators_Trial.ipynb,mount_drive_if_colab,14,13,0.2955,4,## 5. Dataset Paths,imports/setup; function definitions,12,,,1,False
D:\Benjamin Data\Introduction to AI\Intro-to-AI\Training\Model Variants\Boost\XGBoost\XGBoost_NEstimators_Trial.ipynb,Training/Model Variants/Boost/XGBoost/XGBoost_NEstimators_Trial.ipynb,scan_audio_files,19,18,0.4091,4,## 6. Dataset Loading / Audio File Scan,dataset loading; outputs/saving; function definitions,21,21,2,2,False
D:\Benjamin Data\Introduction to AI\Intro-to-AI\Training\Model Variants\Boost\XGBoost\XGBoost_NEstimators_Trial.ipynb,Training/Model Variants/Boost/XGBoost/XGBoost_NEstimators_Trial.ipynb,aggregate_mfcc,31,30,0.6818,35,## 10. MFCC Feature Extraction,configuration/paths; feature preparation; function definitions,39,40,9,1,False
D:\Benjamin Data\Introduction to AI\Intro-to-AI\Training\Model Variants\Boost\XGBoost\XGBoost_NEstimators_Trial.ipynb,Training/Model Variants/Boost/XGBoost/XGBoost_NEstimators_Trial.ipynb,extract_mfcc_features,31,30,0.6818,22,## 10. MFCC Feature Extraction,configuration/paths; feature preparation; function definitions,39,40,9,1,False
D:\Benjamin Data\Introduction to AI\Intro-to-AI\Training\Model Variants\Boost\XGBoost\XGBoost_NEstimators_Trial.ipynb,Training/Model Variants/Boost/XGBoost/XGBoost_NEstimators_Trial.ipynb,load_audio_fixed,31,30,0.6818,5,## 10. MFCC Feature Extraction,configuration/paths; feature preparation; function definitions,39,,,1,False
D:\Benjamin Data\Introduction to AI\Intro-to-AI\Training\Model Variants\Boost\XGBoost\XGBoost_NEstimators_Trial.ipynb,Training/Model Variants/Boost/XGBoost/XGBoost_NEstimators_Trial.ipynb,build_feature_table,40,39,0.8864,5,## 13. Aggregated MFCC Feature Preparation,dataset loading; feature preparation; training; outputs/saving; function definitions,27,,,2,False
D:\Benjamin Data\Introduction to AI\Intro-to-AI\Training\Model Variants\Boost\XGBoost\XGBoost_Subsample_Trial.ipynb,Training/Model Variants/Boost/XGBoost/XGBoost_Subsample_Trial.ipynb,mount_drive_if_colab,14,13,0.65,2,## 5. Project and Output Paths,imports/setup; function definitions,17,,,1,False
D:\Benjamin Data\Introduction to AI\Intro-to-AI\Training\Model Variants\Boost\XGBoost\XGBoost_Subsample_Trial.ipynb,Training/Model Variants/Boost/XGBoost/XGBoost_Subsample_Trial.ipynb,first_existing_path,16,15,0.75,23,## 5. Project and Output Paths,configuration/paths; evaluation; outputs/saving; function definitions,54,,,2,False
D:\Benjamin Data\Introduction to AI\Intro-to-AI\Training\Model Variants\Boost\XGBoost\XGBoost_Subsample_Trial.ipynb,Training/Model Variants/Boost/XGBoost/XGBoost_Subsample_Trial.ipynb,resolve_project_root,16,15,0.75,2,## 5. Project and Output Paths,configuration/paths; evaluation; outputs/saving; function definitions,54,,,1,False
D:\Benjamin Data\Introduction to AI\Intro-to-AI\Training\Model Variants\Boost\XGBoost\XGBoost_Subsample_Trial.ipynb,Training/Model Variants/Boost/XGBoost/XGBoost_Subsample_Trial.ipynb,require_file,19,18,0.9,2,## 6. Load Shared SVM Cache,dataset loading; feature preparation; training; function definitions,41,,,8,False
D:\Benjamin Data\Introduction to AI\Intro-to-AI\Training\Model Variants\Boost\XGBoost\XGBoost_Trial_Comparison.ipynb,Training/Model Variants/Boost/XGBoost/XGBoost_Trial_Comparison.ipynb,first_existing_path,2,1,0.5,32,# XGBoost Hyperparameter Trial Comparison,imports/setup; configuration/paths; function definitions,46,,,1,False
D:\Benjamin Data\Introduction to AI\Intro-to-AI\Training\Model Variants\Boost\XGBoost\XGBoost_Trial_Comparison.ipynb,Training/Model Variants/Boost/XGBoost/XGBoost_Trial_Comparison.ipynb,resolve_project_root,2,1,0.5,13,# XGBoost Hyperparameter Trial Comparison,imports/setup; configuration/paths; function definitions,46,,,1,False
D:\Benjamin Data\Introduction to AI\Intro-to-AI\Training\Model Variants\Decision Trees\Random_Forest\Random_Forest_Baseline.ipynb,Training/Model Variants/Decision Trees/Random_Forest/Random_Forest_Baseline.ipynb,mount_drive_if_colab,14,13,0.2241,4,## 5. Dataset Paths,imports/setup; function definitions,13,,,1,True
D:\Benjamin Data\Introduction to AI\Intro-to-AI\Training\Model Variants\Decision Trees\Random_Forest\Random_Forest_Baseline.ipynb,Training/Model Variants/Decision Trees/Random_Forest/Random_Forest_Baseline.ipynb,scan_audio_files,20,19,0.3276,4,## 6. Dataset Loading / Audio File Scan,dataset loading; feature preparation; outputs/saving; function definitions,24,22,2,2,True
D:\Benjamin Data\Introduction to AI\Intro-to-AI\Training\Model Variants\Decision Trees\Random_Forest\Random_Forest_Baseline.ipynb,Training/Model Variants/Decision Trees/Random_Forest/Random_Forest_Baseline.ipynb,aggregate_mfcc,32,31,0.5345,37,## 10. MFCC Feature Extraction,configuration/paths; dataset loading; feature preparation; function definitions,42,41,9,1,True
D:\Benjamin Data\Introduction to AI\Intro-to-AI\Training\Model Variants\Decision Trees\Random_Forest\Random_Forest_Baseline.ipynb,Training/Model Variants/Decision Trees/Random_Forest/Random_Forest_Baseline.ipynb,extract_mfcc_features,32,31,0.5345,23,## 10. MFCC Feature Extraction,configuration/paths; dataset loading; feature preparation; function definitions,42,41,9,1,True
D:\Benjamin Data\Introduction to AI\Intro-to-AI\Training\Model Variants\Decision Trees\Random_Forest\Random_Forest_Baseline.ipynb,Training/Model Variants/Decision Trees/Random_Forest/Random_Forest_Baseline.ipynb,load_audio_fixed,32,31,0.5345,5,## 10. MFCC Feature Extraction,configuration/paths; dataset loading; feature preparation; function definitions,42,,,1,True
D:\Benjamin Data\Introduction to AI\Intro-to-AI\Training\Model Variants\Decision Trees\Random_Forest\Random_Forest_Baseline.ipynb,Training/Model Variants/Decision Trees/Random_Forest/Random_Forest_Baseline.ipynb,build_feature_table,41,40,0.6897,5,## 13. Aggregated MFCC Feature Preparation,dataset loading; feature preparation; training; outputs/saving; function definitions,29,53,12,3,True
D:\Benjamin Data\Introduction to AI\Intro-to-AI\Training\Model Variants\Decision Trees\Random_Forest\Random_Forest_Final_Selected_Model.ipynb,Training/Model Variants/Decision Trees/Random_Forest/Random_Forest_Final_Selected_Model.ipynb,mount_drive_if_colab,14,13,0.2241,4,## 5. Dataset Paths,imports/setup; function definitions,13,,,1,True
D:\Benjamin Data\Introduction to AI\Intro-to-AI\Training\Model Variants\Decision Trees\Random_Forest\Random_Forest_Final_Selected_Model.ipynb,Training/Model Variants/Decision Trees/Random_Forest/Random_Forest_Final_Selected_Model.ipynb,scan_audio_files,20,19,0.3276,4,## 6. Dataset Loading / Audio File Scan,dataset loading; feature preparation; outputs/saving; function definitions,24,22,2,2,True
D:\Benjamin Data\Introduction to AI\Intro-to-AI\Training\Model Variants\Decision Trees\Random_Forest\Random_Forest_Final_Selected_Model.ipynb,Training/Model Variants/Decision Trees/Random_Forest/Random_Forest_Final_Selected_Model.ipynb,aggregate_mfcc,32,31,0.5345,37,## 10. MFCC Feature Extraction,configuration/paths; dataset loading; feature preparation; function definitions,42,41,9,1,True
D:\Benjamin Data\Introduction to AI\Intro-to-AI\Training\Model Variants\Decision Trees\Random_Forest\Random_Forest_Final_Selected_Model.ipynb,Training/Model Variants/Decision Trees/Random_Forest/Random_Forest_Final_Selected_Model.ipynb,extract_mfcc_features,32,31,0.5345,23,## 10. MFCC Feature Extraction,configuration/paths; dataset loading; feature preparation; function definitions,42,41,9,1,True
D:\Benjamin Data\Introduction to AI\Intro-to-AI\Training\Model Variants\Decision Trees\Random_Forest\Random_Forest_Final_Selected_Model.ipynb,Training/Model Variants/Decision Trees/Random_Forest/Random_Forest_Final_Selected_Model.ipynb,load_audio_fixed,32,31,0.5345,5,## 10. MFCC Feature Extraction,configuration/paths; dataset loading; feature preparation; function definitions,42,,,1,True
D:\Benjamin Data\Introduction to AI\Intro-to-AI\Training\Model Variants\Decision Trees\Random_Forest\Random_Forest_Final_Selected_Model.ipynb,Training/Model Variants/Decision Trees/Random_Forest/Random_Forest_Final_Selected_Model.ipynb,build_feature_table,41,40,0.6897,5,## 13. Aggregated MFCC Feature Preparation,dataset loading; feature preparation; training; outputs/saving; function definitions,29,53,12,3,True
D:\Benjamin Data\Introduction to AI\Intro-to-AI\Training\Model Variants\Decision Trees\Random_Forest\Random_Forest_MaxDepth_Trial.ipynb,Training/Model Variants/Decision Trees/Random_Forest/Random_Forest_MaxDepth_Trial.ipynb,mount_drive_if_colab,14,13,0.2889,4,## 5. Dataset Paths,imports/setup; function definitions,13,,,1,False
D:\Benjamin Data\Introduction to AI\Intro-to-AI\Training\Model Variants\Decision Trees\Random_Forest\Random_Forest_MaxDepth_Trial.ipynb,Training/Model Variants/Decision Trees/Random_Forest/Random_Forest_MaxDepth_Trial.ipynb,scan_audio_files,20,19,0.4222,4,## 6. Dataset Loading / Audio File Scan,dataset loading; feature preparation; outputs/saving; function definitions,24,22,2,2,False
D:\Benjamin Data\Introduction to AI\Intro-to-AI\Training\Model Variants\Decision Trees\Random_Forest\Random_Forest_MaxDepth_Trial.ipynb,Training/Model Variants/Decision Trees/Random_Forest/Random_Forest_MaxDepth_Trial.ipynb,aggregate_mfcc,32,31,0.6889,37,## 10. MFCC Feature Extraction,configuration/paths; dataset loading; feature preparation; function definitions,42,41,9,1,False
D:\Benjamin Data\Introduction to AI\Intro-to-AI\Training\Model Variants\Decision Trees\Random_Forest\Random_Forest_MaxDepth_Trial.ipynb,Training/Model Variants/Decision Trees/Random_Forest/Random_Forest_MaxDepth_Trial.ipynb,extract_mfcc_features,32,31,0.6889,23,## 10. MFCC Feature Extraction,configuration/paths; dataset loading; feature preparation; function definitions,42,41,9,1,False
D:\Benjamin Data\Introduction to AI\Intro-to-AI\Training\Model Variants\Decision Trees\Random_Forest\Random_Forest_MaxDepth_Trial.ipynb,Training/Model Variants/Decision Trees/Random_Forest/Random_Forest_MaxDepth_Trial.ipynb,load_audio_fixed,32,31,0.6889,5,## 10. MFCC Feature Extraction,configuration/paths; dataset loading; feature preparation; function definitions,42,,,1,False
D:\Benjamin Data\Introduction to AI\Intro-to-AI\Training\Model Variants\Decision Trees\Random_Forest\Random_Forest_MaxDepth_Trial.ipynb,Training/Model Variants/Decision Trees/Random_Forest/Random_Forest_MaxDepth_Trial.ipynb,build_feature_table,41,40,0.8889,5,## 13. Aggregated MFCC Feature Preparation,dataset loading; feature preparation; training; outputs/saving; function definitions,29,,,2,False
D:\Benjamin Data\Introduction to AI\Intro-to-AI\Training\Model Variants\Decision Trees\Random_Forest\Random_Forest_MaxFeatures_Trial.ipynb,Training/Model Variants/Decision Trees/Random_Forest/Random_Forest_MaxFeatures_Trial.ipynb,mount_drive_if_colab,14,13,0.2889,4,## 5. Dataset Paths,imports/setup; function definitions,13,,,1,False
D:\Benjamin Data\Introduction to AI\Intro-to-AI\Training\Model Variants\Decision Trees\Random_Forest\Random_Forest_MaxFeatures_Trial.ipynb,Training/Model Variants/Decision Trees/Random_Forest/Random_Forest_MaxFeatures_Trial.ipynb,scan_audio_files,20,19,0.4222,4,## 6. Dataset Loading / Audio File Scan,dataset loading; feature preparation; outputs/saving; function definitions,24,22,2,2,False
D:\Benjamin Data\Introduction to AI\Intro-to-AI\Training\Model Variants\Decision Trees\Random_Forest\Random_Forest_MaxFeatures_Trial.ipynb,Training/Model Variants/Decision Trees/Random_Forest/Random_Forest_MaxFeatures_Trial.ipynb,aggregate_mfcc,32,31,0.6889,37,## 10. MFCC Feature Extraction,configuration/paths; dataset loading; feature preparation; function definitions,42,41,9,1,False
D:\Benjamin Data\Introduction to AI\Intro-to-AI\Training\Model Variants\Decision Trees\Random_Forest\Random_Forest_MaxFeatures_Trial.ipynb,Training/Model Variants/Decision Trees/Random_Forest/Random_Forest_MaxFeatures_Trial.ipynb,extract_mfcc_features,32,31,0.6889,23,## 10. MFCC Feature Extraction,configuration/paths; dataset loading; feature preparation; function definitions,42,41,9,1,False
D:\Benjamin Data\Introduction to AI\Intro-to-AI\Training\Model Variants\Decision Trees\Random_Forest\Random_Forest_MaxFeatures_Trial.ipynb,Training/Model Variants/Decision Trees/Random_Forest/Random_Forest_MaxFeatures_Trial.ipynb,load_audio_fixed,32,31,0.6889,5,## 10. MFCC Feature Extraction,configuration/paths; dataset loading; feature preparation; function definitions,42,,,1,False
D:\Benjamin Data\Introduction to AI\Intro-to-AI\Training\Model Variants\Decision Trees\Random_Forest\Random_Forest_MaxFeatures_Trial.ipynb,Training/Model Variants/Decision Trees/Random_Forest/Random_Forest_MaxFeatures_Trial.ipynb,build_feature_table,41,40,0.8889,5,## 13. Aggregated MFCC Feature Preparation,dataset loading; feature preparation; training; outputs/saving; function definitions,29,,,2,False
D:\Benjamin Data\Introduction to AI\Intro-to-AI\Training\Model Variants\Decision Trees\Random_Forest\Random_Forest_MinSamplesLeaf_Trial.ipynb,Training/Model Variants/Decision Trees/Random_Forest/Random_Forest_MinSamplesLeaf_Trial.ipynb,mount_drive_if_colab,14,13,0.2889,4,## 5. Dataset Paths,imports/setup; function definitions,13,,,1,False
D:\Benjamin Data\Introduction to AI\Intro-to-AI\Training\Model Variants\Decision Trees\Random_Forest\Random_Forest_MinSamplesLeaf_Trial.ipynb,Training/Model Variants/Decision Trees/Random_Forest/Random_Forest_MinSamplesLeaf_Trial.ipynb,scan_audio_files,20,19,0.4222,4,## 6. Dataset Loading / Audio File Scan,dataset loading; feature preparation; outputs/saving; function definitions,24,22,2,2,False
D:\Benjamin Data\Introduction to AI\Intro-to-AI\Training\Model Variants\Decision Trees\Random_Forest\Random_Forest_MinSamplesLeaf_Trial.ipynb,Training/Model Variants/Decision Trees/Random_Forest/Random_Forest_MinSamplesLeaf_Trial.ipynb,aggregate_mfcc,32,31,0.6889,37,## 10. MFCC Feature Extraction,configuration/paths; dataset loading; feature preparation; function definitions,42,41,9,1,False
D:\Benjamin Data\Introduction to AI\Intro-to-AI\Training\Model Variants\Decision Trees\Random_Forest\Random_Forest_MinSamplesLeaf_Trial.ipynb,Training/Model Variants/Decision Trees/Random_Forest/Random_Forest_MinSamplesLeaf_Trial.ipynb,extract_mfcc_features,32,31,0.6889,23,## 10. MFCC Feature Extraction,configuration/paths; dataset loading; feature preparation; function definitions,42,41,9,1,False
D:\Benjamin Data\Introduction to AI\Intro-to-AI\Training\Model Variants\Decision Trees\Random_Forest\Random_Forest_MinSamplesLeaf_Trial.ipynb,Training/Model Variants/Decision Trees/Random_Forest/Random_Forest_MinSamplesLeaf_Trial.ipynb,load_audio_fixed,32,31,0.6889,5,## 10. MFCC Feature Extraction,configuration/paths; dataset loading; feature preparation; function definitions,42,,,1,False
D:\Benjamin Data\Introduction to AI\Intro-to-AI\Training\Model Variants\Decision Trees\Random_Forest\Random_Forest_MinSamplesLeaf_Trial.ipynb,Training/Model Variants/Decision Trees/Random_Forest/Random_Forest_MinSamplesLeaf_Trial.ipynb,build_feature_table,41,40,0.8889,5,## 13. Aggregated MFCC Feature Preparation,dataset loading; feature preparation; training; outputs/saving; function definitions,29,,,2,False
D:\Benjamin Data\Introduction to AI\Intro-to-AI\Training\Model Variants\Decision Trees\Random_Forest\Random_Forest_MinSamplesSplit_Trial.ipynb,Training/Model Variants/Decision Trees/Random_Forest/Random_Forest_MinSamplesSplit_Trial.ipynb,mount_drive_if_colab,14,13,0.2889,4,## 5. Dataset Paths,imports/setup; function definitions,13,,,1,False
D:\Benjamin Data\Introduction to AI\Intro-to-AI\Training\Model Variants\Decision Trees\Random_Forest\Random_Forest_MinSamplesSplit_Trial.ipynb,Training/Model Variants/Decision Trees/Random_Forest/Random_Forest_MinSamplesSplit_Trial.ipynb,scan_audio_files,20,19,0.4222,4,## 6. Dataset Loading / Audio File Scan,dataset loading; feature preparation; outputs/saving; function definitions,24,22,2,2,False
D:\Benjamin Data\Introduction to AI\Intro-to-AI\Training\Model Variants\Decision Trees\Random_Forest\Random_Forest_MinSamplesSplit_Trial.ipynb,Training/Model Variants/Decision Trees/Random_Forest/Random_Forest_MinSamplesSplit_Trial.ipynb,aggregate_mfcc,32,31,0.6889,37,## 10. MFCC Feature Extraction,configuration/paths; dataset loading; feature preparation; function definitions,42,41,9,1,False
D:\Benjamin Data\Introduction to AI\Intro-to-AI\Training\Model Variants\Decision Trees\Random_Forest\Random_Forest_MinSamplesSplit_Trial.ipynb,Training/Model Variants/Decision Trees/Random_Forest/Random_Forest_MinSamplesSplit_Trial.ipynb,extract_mfcc_features,32,31,0.6889,23,## 10. MFCC Feature Extraction,configuration/paths; dataset loading; feature preparation; function definitions,42,41,9,1,False
D:\Benjamin Data\Introduction to AI\Intro-to-AI\Training\Model Variants\Decision Trees\Random_Forest\Random_Forest_MinSamplesSplit_Trial.ipynb,Training/Model Variants/Decision Trees/Random_Forest/Random_Forest_MinSamplesSplit_Trial.ipynb,load_audio_fixed,32,31,0.6889,5,## 10. MFCC Feature Extraction,configuration/paths; dataset loading; feature preparation; function definitions,42,,,1,False
D:\Benjamin Data\Introduction to AI\Intro-to-AI\Training\Model Variants\Decision Trees\Random_Forest\Random_Forest_MinSamplesSplit_Trial.ipynb,Training/Model Variants/Decision Trees/Random_Forest/Random_Forest_MinSamplesSplit_Trial.ipynb,build_feature_table,41,40,0.8889,5,## 13. Aggregated MFCC Feature Preparation,dataset loading; feature preparation; training; outputs/saving; function definitions,29,,,2,False
D:\Benjamin Data\Introduction to AI\Intro-to-AI\Training\Model Variants\Decision Trees\Random_Forest\Random_Forest_NEstimators_Trial.ipynb,Training/Model Variants/Decision Trees/Random_Forest/Random_Forest_NEstimators_Trial.ipynb,mount_drive_if_colab,14,13,0.2889,4,## 5. Dataset Paths,imports/setup; function definitions,13,,,1,False
D:\Benjamin Data\Introduction to AI\Intro-to-AI\Training\Model Variants\Decision Trees\Random_Forest\Random_Forest_NEstimators_Trial.ipynb,Training/Model Variants/Decision Trees/Random_Forest/Random_Forest_NEstimators_Trial.ipynb,scan_audio_files,20,19,0.4222,4,## 6. Dataset Loading / Audio File Scan,dataset loading; feature preparation; outputs/saving; function definitions,24,22,2,2,False
D:\Benjamin Data\Introduction to AI\Intro-to-AI\Training\Model Variants\Decision Trees\Random_Forest\Random_Forest_NEstimators_Trial.ipynb,Training/Model Variants/Decision Trees/Random_Forest/Random_Forest_NEstimators_Trial.ipynb,aggregate_mfcc,32,31,0.6889,37,## 10. MFCC Feature Extraction,configuration/paths; dataset loading; feature preparation; function definitions,42,41,9,1,False
D:\Benjamin Data\Introduction to AI\Intro-to-AI\Training\Model Variants\Decision Trees\Random_Forest\Random_Forest_NEstimators_Trial.ipynb,Training/Model Variants/Decision Trees/Random_Forest/Random_Forest_NEstimators_Trial.ipynb,extract_mfcc_features,32,31,0.6889,23,## 10. MFCC Feature Extraction,configuration/paths; dataset loading; feature preparation; function definitions,42,41,9,1,False
D:\Benjamin Data\Introduction to AI\Intro-to-AI\Training\Model Variants\Decision Trees\Random_Forest\Random_Forest_NEstimators_Trial.ipynb,Training/Model Variants/Decision Trees/Random_Forest/Random_Forest_NEstimators_Trial.ipynb,load_audio_fixed,32,31,0.6889,5,## 10. MFCC Feature Extraction,configuration/paths; dataset loading; feature preparation; function definitions,42,,,1,False
D:\Benjamin Data\Introduction to AI\Intro-to-AI\Training\Model Variants\Decision Trees\Random_Forest\Random_Forest_NEstimators_Trial.ipynb,Training/Model Variants/Decision Trees/Random_Forest/Random_Forest_NEstimators_Trial.ipynb,build_feature_table,41,40,0.8889,5,## 13. Aggregated MFCC Feature Preparation,dataset loading; feature preparation; training; outputs/saving; function definitions,29,,,2,False
D:\Benjamin Data\Introduction to AI\Intro-to-AI\Training\Model Variants\Neural Networks\CNN\CNN_Baseline.ipynb,Training/Model Variants/Neural Networks/CNN/CNN_Baseline.ipynb,load_class_weights,6,5,0.4545,87,## 2. Load CNN Cache,imports/setup; configuration/paths; dataset loading; feature preparation; model definition; training; evaluation; outputs/saving; function definitions,123,,,1,False
D:\Benjamin Data\Introduction to AI\Intro-to-AI\Training\Model Variants\Neural Networks\CNN\CNN_Baseline.ipynb,Training/Model Variants/Neural Networks/CNN/CNN_Baseline.ipynb,load_json,6,5,0.4545,75,## 2. Load CNN Cache,imports/setup; configuration/paths; dataset loading; feature preparation; model definition; training; evaluation; outputs/saving; function definitions,123,,,2,False
D:\Benjamin Data\Introduction to AI\Intro-to-AI\Training\Model Variants\Neural Networks\CNN\CNN_Baseline.ipynb,Training/Model Variants/Neural Networks/CNN/CNN_Baseline.ipynb,require_file,6,5,0.4545,67,## 2. Load CNN Cache,imports/setup; configuration/paths; dataset loading; feature preparation; model definition; training; evaluation; outputs/saving; function definitions,123,,,2,False
D:\Benjamin Data\Introduction to AI\Intro-to-AI\Training\Model Variants\Neural Networks\CNN\CNN_Baseline.ipynb,Training/Model Variants/Neural Networks/CNN/CNN_Baseline.ipynb,resolve_project_root,6,5,0.4545,34,## 2. Load CNN Cache,imports/setup; configuration/paths; dataset loading; feature preparation; model definition; training; evaluation; outputs/saving; function definitions,123,,,1,False
D:\Benjamin Data\Introduction to AI\Intro-to-AI\Training\Model Variants\Neural Networks\CNN\CNN_Baseline.ipynb,Training/Model Variants/Neural Networks/CNN/CNN_Baseline.ipynb,save_json,6,5,0.4545,81,## 2. Load CNN Cache,imports/setup; configuration/paths; dataset loading; feature preparation; model definition; training; evaluation; outputs/saving; function definitions,123,10,4,3,False
D:\Benjamin Data\Introduction to AI\Intro-to-AI\Training\Model Variants\Neural Networks\CNN\CNN_Baseline.ipynb,Training/Model Variants/Neural Networks/CNN/CNN_Baseline.ipynb,build_cnn_model,8,7,0.6364,51,## 3. Keras Utilities,configuration/paths; feature preparation; model definition; training; evaluation; outputs/saving; function definitions,162,,,1,False
D:\Benjamin Data\Introduction to AI\Intro-to-AI\Training\Model Variants\Neural Networks\CNN\CNN_Baseline.ipynb,Training/Model Variants/Neural Networks/CNN/CNN_Baseline.ipynb,config_json,8,7,0.6364,18,## 3. Keras Utilities,configuration/paths; feature preparation; model definition; training; evaluation; outputs/saving; function definitions,162,,,3,False
D:\Benjamin Data\Introduction to AI\Intro-to-AI\Training\Model Variants\Neural Networks\CNN\CNN_Baseline.ipynb,Training/Model Variants/Neural Networks/CNN/CNN_Baseline.ipynb,config_key,8,7,0.6364,23,## 3. Keras Utilities,configuration/paths; feature preparation; model definition; training; evaluation; outputs/saving; function definitions,162,,,1,False
D:\Benjamin Data\Introduction to AI\Intro-to-AI\Training\Model Variants\Neural Networks\CNN\CNN_Baseline.ipynb,Training/Model Variants/Neural Networks/CNN/CNN_Baseline.ipynb,flat_result,8,7,0.6364,128,## 3. Keras Utilities,configuration/paths; feature preparation; model definition; training; evaluation; outputs/saving; function definitions,162,10,2,2,False
D:\Benjamin Data\Introduction to AI\Intro-to-AI\Training\Model Variants\Neural Networks\CNN\CNN_Baseline.ipynb,Training/Model Variants/Neural Networks/CNN/CNN_Baseline.ipynb,make_optimizer,8,7,0.6364,39,## 3. Keras Utilities,configuration/paths; feature preparation; model definition; training; evaluation; outputs/saving; function definitions,162,,,1,False
D:\Benjamin Data\Introduction to AI\Intro-to-AI\Training\Model Variants\Neural Networks\CNN\CNN_Baseline.ipynb,Training/Model Variants/Neural Networks/CNN/CNN_Baseline.ipynb,normalise_config,8,7,0.6364,2,## 3. Keras Utilities,configuration/paths; feature preparation; model definition; training; evaluation; outputs/saving; function definitions,162,10,2,5,False
D:\Benjamin Data\Introduction to AI\Intro-to-AI\Training\Model Variants\Neural Networks\CNN\CNN_Baseline.ipynb,Training/Model Variants/Neural Networks/CNN/CNN_Baseline.ipynb,seed_from_config,8,7,0.6364,27,## 3. Keras Utilities,configuration/paths; feature preparation; model definition; training; evaluation; outputs/saving; function definitions,162,,,0,False
D:\Benjamin Data\Introduction to AI\Intro-to-AI\Training\Model Variants\Neural Networks\CNN\CNN_Baseline.ipynb,Training/Model Variants/Neural Networks/CNN/CNN_Baseline.ipynb,select_best,8,7,0.6364,160,## 3. Keras Utilities,configuration/paths; feature preparation; model definition; training; evaluation; outputs/saving; function definitions,162,,,0,False
D:\Benjamin Data\Introduction to AI\Intro-to-AI\Training\Model Variants\Neural Networks\CNN\CNN_Baseline.ipynb,Training/Model Variants/Neural Networks/CNN/CNN_Baseline.ipynb,set_global_seed,8,7,0.6364,32,## 3. Keras Utilities,configuration/paths; feature preparation; model definition; training; evaluation; outputs/saving; function definitions,162,,,1,False
D:\Benjamin Data\Introduction to AI\Intro-to-AI\Training\Model Variants\Neural Networks\CNN\CNN_Baseline.ipynb,Training/Model Variants/Neural Networks/CNN/CNN_Baseline.ipynb,train_and_evaluate_config,8,7,0.6364,79,## 3. Keras Utilities,configuration/paths; feature preparation; model definition; training; evaluation; outputs/saving; function definitions,162,10,2,1,False
D:\Benjamin Data\Introduction to AI\Intro-to-AI\Training\Model Variants\Neural Networks\CNN\CNN_Controlled_Trial_Comparison.ipynb,Training/Model Variants/Neural Networks/CNN/CNN_Controlled_Trial_Comparison.ipynb,ensure_selected_config_from_results,4,3,0.6,106,## 1. Imports and Paths,imports/setup; configuration/paths; dataset loading; training; evaluation; outputs/saving; function definitions,117,6,2,1,False
D:\Benjamin Data\Introduction to AI\Intro-to-AI\Training\Model Variants\Neural Networks\CNN\CNN_Controlled_Trial_Comparison.ipynb,Training/Model Variants/Neural Networks/CNN/CNN_Controlled_Trial_Comparison.ipynb,first_existing_results_path,4,3,0.6,65,## 1. Imports and Paths,imports/setup; configuration/paths; dataset loading; training; evaluation; outputs/saving; function definitions,117,6,2,1,False
D:\Benjamin Data\Introduction to AI\Intro-to-AI\Training\Model Variants\Neural Networks\CNN\CNN_Controlled_Trial_Comparison.ipynb,Training/Model Variants/Neural Networks/CNN/CNN_Controlled_Trial_Comparison.ipynb,load_json,4,3,0.6,37,## 1. Imports and Paths,imports/setup; configuration/paths; dataset loading; training; evaluation; outputs/saving; function definitions,117,6,2,5,False
D:\Benjamin Data\Introduction to AI\Intro-to-AI\Training\Model Variants\Neural Networks\CNN\CNN_Controlled_Trial_Comparison.ipynb,Training/Model Variants/Neural Networks/CNN/CNN_Controlled_Trial_Comparison.ipynb,normalise_handoff_config,4,3,0.6,47,## 1. Imports and Paths,imports/setup; configuration/paths; dataset loading; training; evaluation; outputs/saving; function definitions,117,,,1,False
D:\Benjamin Data\Introduction to AI\Intro-to-AI\Training\Model Variants\Neural Networks\CNN\CNN_Controlled_Trial_Comparison.ipynb,Training/Model Variants/Neural Networks/CNN/CNN_Controlled_Trial_Comparison.ipynb,rebuild_selected_config_from_results,4,3,0.6,75,## 1. Imports and Paths,imports/setup; configuration/paths; dataset loading; training; evaluation; outputs/saving; function definitions,117,,,1,False
D:\Benjamin Data\Introduction to AI\Intro-to-AI\Training\Model Variants\Neural Networks\CNN\CNN_Controlled_Trial_Comparison.ipynb,Training/Model Variants/Neural Networks/CNN/CNN_Controlled_Trial_Comparison.ipynb,resolve_project_root,4,3,0.6,12,## 1. Imports and Paths,imports/setup; configuration/paths; dataset loading; training; evaluation; outputs/saving; function definitions,117,,,1,False
D:\Benjamin Data\Introduction to AI\Intro-to-AI\Training\Model Variants\Neural Networks\CNN\CNN_Controlled_Trial_Comparison.ipynb,Training/Model Variants/Neural Networks/CNN/CNN_Controlled_Trial_Comparison.ipynb,save_json,4,3,0.6,42,## 1. Imports and Paths,imports/setup; configuration/paths; dataset loading; training; evaluation; outputs/saving; function definitions,117,6,2,3,False
D:\Benjamin Data\Introduction to AI\Intro-to-AI\Training\Model Variants\Neural Networks\CNN\CNN_Controlled_Trial_Comparison.ipynb,Training/Model Variants/Neural Networks/CNN/CNN_Controlled_Trial_Comparison.ipynb,domain_size,6,5,1.0,38,## 2. Load Results and Build Search Space,dataset loading; outputs/saving; function definitions,106,,,1,False
D:\Benjamin Data\Introduction to AI\Intro-to-AI\Training\Model Variants\Neural Networks\CNN\CNN_Controlled_Trial_Comparison.ipynb,Training/Model Variants/Neural Networks/CNN/CNN_Controlled_Trial_Comparison.ipynb,parse_list_value,6,5,1.0,16,## 2. Load Results and Build Search Space,dataset loading; outputs/saving; function definitions,106,,,1,False
D:\Benjamin Data\Introduction to AI\Intro-to-AI\Training\Model Variants\Neural Networks\CNN\CNN_Controlled_Trial_Comparison.ipynb,Training/Model Variants/Neural Networks/CNN/CNN_Controlled_Trial_Comparison.ipynb,top_values,6,5,1.0,25,## 2. Load Results and Build Search Space,dataset loading; outputs/saving; function definitions,106,,,6,False
D:\Benjamin Data\Introduction to AI\Intro-to-AI\Training\Model Variants\Neural Networks\CNN\CNN_Data_Preparation.ipynb,Training/Model Variants/Neural Networks/CNN/CNN_Data_Preparation.ipynb,first_existing_path,6,5,0.4545,59,"## 2. Imports, Configuration and Paths",imports/setup; configuration/paths; dataset loading; feature preparation; training; evaluation; outputs/saving; function definitions,106,,,2,False
D:\Benjamin Data\Introduction to AI\Intro-to-AI\Training\Model Variants\Neural Networks\CNN\CNN_Data_Preparation.ipynb,Training/Model Variants/Neural Networks/CNN/CNN_Data_Preparation.ipynb,resolve_project_root,6,5,0.4545,44,"## 2. Imports, Configuration and Paths",imports/setup; configuration/paths; dataset loading; feature preparation; training; evaluation; outputs/saving; function definitions,106,,,1,False
D:\Benjamin Data\Introduction to AI\Intro-to-AI\Training\Model Variants\Neural Networks\CNN\CNN_Data_Preparation.ipynb,Training/Model Variants/Neural Networks/CNN/CNN_Data_Preparation.ipynb,parse_bona_fide_metadata,8,7,0.6364,19,## 3. Corrected Metadata Scanner,dataset loading; feature preparation; outputs/saving; function definitions,54,,,1,False
D:\Benjamin Data\Introduction to AI\Intro-to-AI\Training\Model Variants\Neural Networks\CNN\CNN_Data_Preparation.ipynb,Training/Model Variants/Neural Networks/CNN/CNN_Data_Preparation.ipynb,parse_synthetic_metadata,8,7,0.6364,5,## 3. Corrected Metadata Scanner,dataset loading; feature preparation; outputs/saving; function definitions,54,,,1,False
D:\Benjamin Data\Introduction to AI\Intro-to-AI\Training\Model Variants\Neural Networks\CNN\CNN_Data_Preparation.ipynb,Training/Model Variants/Neural Networks/CNN/CNN_Data_Preparation.ipynb,scan_audio_files,8,7,0.6364,27,## 3. Corrected Metadata Scanner,dataset loading; feature preparation; outputs/saving; function definitions,54,10,2,2,False
D:\Benjamin Data\Introduction to AI\Intro-to-AI\Training\Model Variants\Neural Networks\CNN\CNN_Data_Preparation.ipynb,Training/Model Variants/Neural Networks/CNN/CNN_Data_Preparation.ipynb,audio_info,10,9,0.8182,2,## 4. Audit and Frozen Split,configuration/paths; dataset loading; training; outputs/saving; function definitions,63,,,1,False
D:\Benjamin Data\Introduction to AI\Intro-to-AI\Training\Model Variants\Neural Networks\CNN\CNN_Data_Preparation.ipynb,Training/Model Variants/Neural Networks/CNN/CNN_Data_Preparation.ipynb,split_config_matches,10,9,0.8182,10,## 4. Audit and Frozen Split,configuration/paths; dataset loading; training; outputs/saving; function definitions,63,,,2,False
D:\Benjamin Data\Introduction to AI\Intro-to-AI\Training\Model Variants\Neural Networks\CNN\CNN_Data_Preparation.ipynb,Training/Model Variants/Neural Networks/CNN/CNN_Data_Preparation.ipynb,build_feature_memmap,12,11,1.0,28,"## 5. One MFCC Cache, Scaler and Class Weights",configuration/paths; dataset loading; feature preparation; training; outputs/saving; function definitions,112,,,3,False
D:\Benjamin Data\Introduction to AI\Intro-to-AI\Training\Model Variants\Neural Networks\CNN\CNN_Data_Preparation.ipynb,Training/Model Variants/Neural Networks/CNN/CNN_Data_Preparation.ipynb,extract_mfcc_map,12,11,1.0,13,"## 5. One MFCC Cache, Scaler and Class Weights",configuration/paths; dataset loading; feature preparation; training; outputs/saving; function definitions,112,,,2,False
D:\Benjamin Data\Introduction to AI\Intro-to-AI\Training\Model Variants\Neural Networks\CNN\CNN_Data_Preparation.ipynb,Training/Model Variants/Neural Networks/CNN/CNN_Data_Preparation.ipynb,load_audio_fixed,12,11,1.0,2,"## 5. One MFCC Cache, Scaler and Class Weights",configuration/paths; dataset loading; feature preparation; training; outputs/saving; function definitions,112,,,1,False
D:\Benjamin Data\Introduction to AI\Intro-to-AI\Training\Model Variants\Neural Networks\CNN\CNN_Data_Preparation.ipynb,Training/Model Variants/Neural Networks/CNN/CNN_Data_Preparation.ipynb,normalise_memmap_in_place,12,11,1.0,59,"## 5. One MFCC Cache, Scaler and Class Weights",configuration/paths; dataset loading; feature preparation; training; outputs/saving; function definitions,112,,,3,False
D:\Benjamin Data\Introduction to AI\Intro-to-AI\Training\Model Variants\Neural Networks\CNN\CNN_Dense_Units_Trial.ipynb,Training/Model Variants/Neural Networks/CNN/CNN_Dense_Units_Trial.ipynb,ensure_selected_config_from_results,6,5,0.4545,148,## 2. Load Cache and Previous Config,imports/setup; configuration/paths; dataset loading; feature preparation; model definition; training; evaluation; outputs/saving; function definitions,204,,,1,False
D:\Benjamin Data\Introduction to AI\Intro-to-AI\Training\Model Variants\Neural Networks\CNN\CNN_Dense_Units_Trial.ipynb,Training/Model Variants/Neural Networks/CNN/CNN_Dense_Units_Trial.ipynb,first_existing_results_path,6,5,0.4545,107,## 2. Load Cache and Previous Config,imports/setup; configuration/paths; dataset loading; feature preparation; model definition; training; evaluation; outputs/saving; function definitions,204,,,0,False
D:\Benjamin Data\Introduction to AI\Intro-to-AI\Training\Model Variants\Neural Networks\CNN\CNN_Dense_Units_Trial.ipynb,Training/Model Variants/Neural Networks/CNN/CNN_Dense_Units_Trial.ipynb,load_class_weights,6,5,0.4545,163,## 2. Load Cache and Previous Config,imports/setup; configuration/paths; dataset loading; feature preparation; model definition; training; evaluation; outputs/saving; function definitions,204,,,1,False
D:\Benjamin Data\Introduction to AI\Intro-to-AI\Training\Model Variants\Neural Networks\CNN\CNN_Dense_Units_Trial.ipynb,Training/Model Variants/Neural Networks/CNN/CNN_Dense_Units_Trial.ipynb,load_json,6,5,0.4545,75,## 2. Load Cache and Previous Config,imports/setup; configuration/paths; dataset loading; feature preparation; model definition; training; evaluation; outputs/saving; function definitions,204,12,6,5,False
D:\Benjamin Data\Introduction to AI\Intro-to-AI\Training\Model Variants\Neural Networks\CNN\CNN_Dense_Units_Trial.ipynb,Training/Model Variants/Neural Networks/CNN/CNN_Dense_Units_Trial.ipynb,normalise_handoff_config,6,5,0.4545,89,## 2. Load Cache and Previous Config,imports/setup; configuration/paths; dataset loading; feature preparation; model definition; training; evaluation; outputs/saving; function definitions,204,,,1,False
D:\Benjamin Data\Introduction to AI\Intro-to-AI\Training\Model Variants\Neural Networks\CNN\CNN_Dense_Units_Trial.ipynb,Training/Model Variants/Neural Networks/CNN/CNN_Dense_Units_Trial.ipynb,rebuild_selected_config_from_results,6,5,0.4545,117,## 2. Load Cache and Previous Config,imports/setup; configuration/paths; dataset loading; feature preparation; model definition; training; evaluation; outputs/saving; function definitions,204,12,6,2,False
D:\Benjamin Data\Introduction to AI\Intro-to-AI\Training\Model Variants\Neural Networks\CNN\CNN_Dense_Units_Trial.ipynb,Training/Model Variants/Neural Networks/CNN/CNN_Dense_Units_Trial.ipynb,require_file,6,5,0.4545,67,## 2. Load Cache and Previous Config,imports/setup; configuration/paths; dataset loading; feature preparation; model definition; training; evaluation; outputs/saving; function definitions,204,,,2,False
D:\Benjamin Data\Introduction to AI\Intro-to-AI\Training\Model Variants\Neural Networks\CNN\CNN_Dense_Units_Trial.ipynb,Training/Model Variants/Neural Networks/CNN/CNN_Dense_Units_Trial.ipynb,resolve_project_root,6,5,0.4545,34,## 2. Load Cache and Previous Config,imports/setup; configuration/paths; dataset loading; feature preparation; model definition; training; evaluation; outputs/saving; function definitions,204,,,1,False
D:\Benjamin Data\Introduction to AI\Intro-to-AI\Training\Model Variants\Neural Networks\CNN\CNN_Dense_Units_Trial.ipynb,Training/Model Variants/Neural Networks/CNN/CNN_Dense_Units_Trial.ipynb,save_json,6,5,0.4545,81,## 2. Load Cache and Previous Config,imports/setup; configuration/paths; dataset loading; feature preparation; model definition; training; evaluation; outputs/saving; function definitions,204,8,2,3,False
D:\Benjamin Data\Introduction to AI\Intro-to-AI\Training\Model Variants\Neural Networks\CNN\CNN_Dense_Units_Trial.ipynb,Training/Model Variants/Neural Networks/CNN/CNN_Dense_Units_Trial.ipynb,_controlled_candidate_label,8,7,0.6364,164,## 3. Keras Utilities,configuration/paths; feature preparation; model definition; training; evaluation; outputs/saving; function definitions,244,,,4,False
D:\Benjamin Data\Introduction to AI\Intro-to-AI\Training\Model Variants\Neural Networks\CNN\CNN_Dense_Units_Trial.ipynb,Training/Model Variants/Neural Networks/CNN/CNN_Dense_Units_Trial.ipynb,build_cnn_model,8,7,0.6364,51,## 3. Keras Utilities,configuration/paths; feature preparation; model definition; training; evaluation; outputs/saving; function definitions,244,,,1,False
D:\Benjamin Data\Introduction to AI\Intro-to-AI\Training\Model Variants\Neural Networks\CNN\CNN_Dense_Units_Trial.ipynb,Training/Model Variants/Neural Networks/CNN/CNN_Dense_Units_Trial.ipynb,config_json,8,7,0.6364,18,## 3. Keras Utilities,configuration/paths; feature preparation; model definition; training; evaluation; outputs/saving; function definitions,244,,,3,False
D:\Benjamin Data\Introduction to AI\Intro-to-AI\Training\Model Variants\Neural Networks\CNN\CNN_Dense_Units_Trial.ipynb,Training/Model Variants/Neural Networks/CNN/CNN_Dense_Units_Trial.ipynb,config_key,8,7,0.6364,23,## 3. Keras Utilities,configuration/paths; feature preparation; model definition; training; evaluation; outputs/saving; function definitions,244,,,1,False
D:\Benjamin Data\Introduction to AI\Intro-to-AI\Training\Model Variants\Neural Networks\CNN\CNN_Dense_Units_Trial.ipynb,Training/Model Variants/Neural Networks/CNN/CNN_Dense_Units_Trial.ipynb,flat_result,8,7,0.6364,128,## 3. Keras Utilities,configuration/paths; feature preparation; model definition; training; evaluation; outputs/saving; function definitions,244,,,2,False
D:\Benjamin Data\Introduction to AI\Intro-to-AI\Training\Model Variants\Neural Networks\CNN\CNN_Dense_Units_Trial.ipynb,Training/Model Variants/Neural Networks/CNN/CNN_Dense_Units_Trial.ipynb,make_optimizer,8,7,0.6364,39,## 3. Keras Utilities,configuration/paths; feature preparation; model definition; training; evaluation; outputs/saving; function definitions,244,,,1,False
D:\Benjamin Data\Introduction to AI\Intro-to-AI\Training\Model Variants\Neural Networks\CNN\CNN_Dense_Units_Trial.ipynb,Training/Model Variants/Neural Networks/CNN/CNN_Dense_Units_Trial.ipynb,normalise_config,8,7,0.6364,2,## 3. Keras Utilities,configuration/paths; feature preparation; model definition; training; evaluation; outputs/saving; function definitions,244,10,2,7,False
D:\Benjamin Data\Introduction to AI\Intro-to-AI\Training\Model Variants\Neural Networks\CNN\CNN_Dense_Units_Trial.ipynb,Training/Model Variants/Neural Networks/CNN/CNN_Dense_Units_Trial.ipynb,run_controlled_trial,8,7,0.6364,171,## 3. Keras Utilities,configuration/paths; feature preparation; model definition; training; evaluation; outputs/saving; function definitions,244,12,4,1,False
D:\Benjamin Data\Introduction to AI\Intro-to-AI\Training\Model Variants\Neural Networks\CNN\CNN_Dense_Units_Trial.ipynb,Training/Model Variants/Neural Networks/CNN/CNN_Dense_Units_Trial.ipynb,seed_from_config,8,7,0.6364,27,## 3. Keras Utilities,configuration/paths; feature preparation; model definition; training; evaluation; outputs/saving; function definitions,244,,,1,False
D:\Benjamin Data\Introduction to AI\Intro-to-AI\Training\Model Variants\Neural Networks\CNN\CNN_Dense_Units_Trial.ipynb,Training/Model Variants/Neural Networks/CNN/CNN_Dense_Units_Trial.ipynb,select_best,8,7,0.6364,160,## 3. Keras Utilities,configuration/paths; feature preparation; model definition; training; evaluation; outputs/saving; function definitions,244,,,1,False
D:\Benjamin Data\Introduction to AI\Intro-to-AI\Training\Model Variants\Neural Networks\CNN\CNN_Dense_Units_Trial.ipynb,Training/Model Variants/Neural Networks/CNN/CNN_Dense_Units_Trial.ipynb,set_global_seed,8,7,0.6364,32,## 3. Keras Utilities,configuration/paths; feature preparation; model definition; training; evaluation; outputs/saving; function definitions,244,,,1,False
D:\Benjamin Data\Introduction to AI\Intro-to-AI\Training\Model Variants\Neural Networks\CNN\CNN_Dense_Units_Trial.ipynb,Training/Model Variants/Neural Networks/CNN/CNN_Dense_Units_Trial.ipynb,train_and_evaluate_config,8,7,0.6364,79,## 3. Keras Utilities,configuration/paths; feature preparation; model definition; training; evaluation; outputs/saving; function definitions,244,,,1,False
D:\Benjamin Data\Introduction to AI\Intro-to-AI\Training\Model Variants\Neural Networks\CNN\CNN_Dropout_Regularisation_Trial.ipynb,Training/Model Variants/Neural Networks/CNN/CNN_Dropout_Regularisation_Trial.ipynb,ensure_selected_config_from_results,6,5,0.4545,148,## 2. Load Cache and Previous Config,imports/setup; configuration/paths; dataset loading; feature preparation; model definition; training; evaluation; outputs/saving; function definitions,204,,,1,False
D:\Benjamin Data\Introduction to AI\Intro-to-AI\Training\Model Variants\Neural Networks\CNN\CNN_Dropout_Regularisation_Trial.ipynb,Training/Model Variants/Neural Networks/CNN/CNN_Dropout_Regularisation_Trial.ipynb,first_existing_results_path,6,5,0.4545,107,## 2. Load Cache and Previous Config,imports/setup; configuration/paths; dataset loading; feature preparation; model definition; training; evaluation; outputs/saving; function definitions,204,12,6,1,False
D:\Benjamin Data\Introduction to AI\Intro-to-AI\Training\Model Variants\Neural Networks\CNN\CNN_Dropout_Regularisation_Trial.ipynb,Training/Model Variants/Neural Networks/CNN/CNN_Dropout_Regularisation_Trial.ipynb,load_class_weights,6,5,0.4545,163,## 2. Load Cache and Previous Config,imports/setup; configuration/paths; dataset loading; feature preparation; model definition; training; evaluation; outputs/saving; function definitions,204,,,1,False
D:\Benjamin Data\Introduction to AI\Intro-to-AI\Training\Model Variants\Neural Networks\CNN\CNN_Dropout_Regularisation_Trial.ipynb,Training/Model Variants/Neural Networks/CNN/CNN_Dropout_Regularisation_Trial.ipynb,load_json,6,5,0.4545,75,## 2. Load Cache and Previous Config,imports/setup; configuration/paths; dataset loading; feature preparation; model definition; training; evaluation; outputs/saving; function definitions,204,12,6,5,False
D:\Benjamin Data\Introduction to AI\Intro-to-AI\Training\Model Variants\Neural Networks\CNN\CNN_Dropout_Regularisation_Trial.ipynb,Training/Model Variants/Neural Networks/CNN/CNN_Dropout_Regularisation_Trial.ipynb,normalise_handoff_config,6,5,0.4545,89,## 2. Load Cache and Previous Config,imports/setup; configuration/paths; dataset loading; feature preparation; model definition; training; evaluation; outputs/saving; function definitions,204,,,1,False
D:\Benjamin Data\Introduction to AI\Intro-to-AI\Training\Model Variants\Neural Networks\CNN\CNN_Dropout_Regularisation_Trial.ipynb,Training/Model Variants/Neural Networks/CNN/CNN_Dropout_Regularisation_Trial.ipynb,rebuild_selected_config_from_results,6,5,0.4545,117,## 2. Load Cache and Previous Config,imports/setup; configuration/paths; dataset loading; feature preparation; model definition; training; evaluation; outputs/saving; function definitions,204,12,6,2,False
D:\Benjamin Data\Introduction to AI\Intro-to-AI\Training\Model Variants\Neural Networks\CNN\CNN_Dropout_Regularisation_Trial.ipynb,Training/Model Variants/Neural Networks/CNN/CNN_Dropout_Regularisation_Trial.ipynb,require_file,6,5,0.4545,67,## 2. Load Cache and Previous Config,imports/setup; configuration/paths; dataset loading; feature preparation; model definition; training; evaluation; outputs/saving; function definitions,204,,,2,False
D:\Benjamin Data\Introduction to AI\Intro-to-AI\Training\Model Variants\Neural Networks\CNN\CNN_Dropout_Regularisation_Trial.ipynb,Training/Model Variants/Neural Networks/CNN/CNN_Dropout_Regularisation_Trial.ipynb,resolve_project_root,6,5,0.4545,34,## 2. Load Cache and Previous Config,imports/setup; configuration/paths; dataset loading; feature preparation; model definition; training; evaluation; outputs/saving; function definitions,204,,,1,False
D:\Benjamin Data\Introduction to AI\Intro-to-AI\Training\Model Variants\Neural Networks\CNN\CNN_Dropout_Regularisation_Trial.ipynb,Training/Model Variants/Neural Networks/CNN/CNN_Dropout_Regularisation_Trial.ipynb,save_json,6,5,0.4545,81,## 2. Load Cache and Previous Config,imports/setup; configuration/paths; dataset loading; feature preparation; model definition; training; evaluation; outputs/saving; function definitions,204,8,2,3,False
D:\Benjamin Data\Introduction to AI\Intro-to-AI\Training\Model Variants\Neural Networks\CNN\CNN_Dropout_Regularisation_Trial.ipynb,Training/Model Variants/Neural Networks/CNN/CNN_Dropout_Regularisation_Trial.ipynb,_controlled_candidate_label,8,7,0.6364,164,## 3. Keras Utilities,configuration/paths; feature preparation; model definition; training; evaluation; outputs/saving; function definitions,244,,,4,False
D:\Benjamin Data\Introduction to AI\Intro-to-AI\Training\Model Variants\Neural Networks\CNN\CNN_Dropout_Regularisation_Trial.ipynb,Training/Model Variants/Neural Networks/CNN/CNN_Dropout_Regularisation_Trial.ipynb,build_cnn_model,8,7,0.6364,51,## 3. Keras Utilities,configuration/paths; feature preparation; model definition; training; evaluation; outputs/saving; function definitions,244,,,1,False
D:\Benjamin Data\Introduction to AI\Intro-to-AI\Training\Model Variants\Neural Networks\CNN\CNN_Dropout_Regularisation_Trial.ipynb,Training/Model Variants/Neural Networks/CNN/CNN_Dropout_Regularisation_Trial.ipynb,config_json,8,7,0.6364,18,## 3. Keras Utilities,configuration/paths; feature preparation; model definition; training; evaluation; outputs/saving; function definitions,244,,,3,False
D:\Benjamin Data\Introduction to AI\Intro-to-AI\Training\Model Variants\Neural Networks\CNN\CNN_Dropout_Regularisation_Trial.ipynb,Training/Model Variants/Neural Networks/CNN/CNN_Dropout_Regularisation_Trial.ipynb,config_key,8,7,0.6364,23,## 3. Keras Utilities,configuration/paths; feature preparation; model definition; training; evaluation; outputs/saving; function definitions,244,,,1,False
D:\Benjamin Data\Introduction to AI\Intro-to-AI\Training\Model Variants\Neural Networks\CNN\CNN_Dropout_Regularisation_Trial.ipynb,Training/Model Variants/Neural Networks/CNN/CNN_Dropout_Regularisation_Trial.ipynb,flat_result,8,7,0.6364,128,## 3. Keras Utilities,configuration/paths; feature preparation; model definition; training; evaluation; outputs/saving; function definitions,244,,,2,False
D:\Benjamin Data\Introduction to AI\Intro-to-AI\Training\Model Variants\Neural Networks\CNN\CNN_Dropout_Regularisation_Trial.ipynb,Training/Model Variants/Neural Networks/CNN/CNN_Dropout_Regularisation_Trial.ipynb,make_optimizer,8,7,0.6364,39,## 3. Keras Utilities,configuration/paths; feature preparation; model definition; training; evaluation; outputs/saving; function definitions,244,,,1,False
D:\Benjamin Data\Introduction to AI\Intro-to-AI\Training\Model Variants\Neural Networks\CNN\CNN_Dropout_Regularisation_Trial.ipynb,Training/Model Variants/Neural Networks/CNN/CNN_Dropout_Regularisation_Trial.ipynb,normalise_config,8,7,0.6364,2,## 3. Keras Utilities,configuration/paths; feature preparation; model definition; training; evaluation; outputs/saving; function definitions,244,10,2,7,False
D:\Benjamin Data\Introduction to AI\Intro-to-AI\Training\Model Variants\Neural Networks\CNN\CNN_Dropout_Regularisation_Trial.ipynb,Training/Model Variants/Neural Networks/CNN/CNN_Dropout_Regularisation_Trial.ipynb,run_controlled_trial,8,7,0.6364,171,## 3. Keras Utilities,configuration/paths; feature preparation; model definition; training; evaluation; outputs/saving; function definitions,244,12,4,1,False
D:\Benjamin Data\Introduction to AI\Intro-to-AI\Training\Model Variants\Neural Networks\CNN\CNN_Dropout_Regularisation_Trial.ipynb,Training/Model Variants/Neural Networks/CNN/CNN_Dropout_Regularisation_Trial.ipynb,seed_from_config,8,7,0.6364,27,## 3. Keras Utilities,configuration/paths; feature preparation; model definition; training; evaluation; outputs/saving; function definitions,244,,,1,False
D:\Benjamin Data\Introduction to AI\Intro-to-AI\Training\Model Variants\Neural Networks\CNN\CNN_Dropout_Regularisation_Trial.ipynb,Training/Model Variants/Neural Networks/CNN/CNN_Dropout_Regularisation_Trial.ipynb,select_best,8,7,0.6364,160,## 3. Keras Utilities,configuration/paths; feature preparation; model definition; training; evaluation; outputs/saving; function definitions,244,,,1,False
D:\Benjamin Data\Introduction to AI\Intro-to-AI\Training\Model Variants\Neural Networks\CNN\CNN_Dropout_Regularisation_Trial.ipynb,Training/Model Variants/Neural Networks/CNN/CNN_Dropout_Regularisation_Trial.ipynb,set_global_seed,8,7,0.6364,32,## 3. Keras Utilities,configuration/paths; feature preparation; model definition; training; evaluation; outputs/saving; function definitions,244,,,1,False
D:\Benjamin Data\Introduction to AI\Intro-to-AI\Training\Model Variants\Neural Networks\CNN\CNN_Dropout_Regularisation_Trial.ipynb,Training/Model Variants/Neural Networks/CNN/CNN_Dropout_Regularisation_Trial.ipynb,train_and_evaluate_config,8,7,0.6364,79,## 3. Keras Utilities,configuration/paths; feature preparation; model definition; training; evaluation; outputs/saving; function definitions,244,,,1,False
D:\Benjamin Data\Introduction to AI\Intro-to-AI\Training\Model Variants\Neural Networks\CNN\CNN_Filter_Architecture_Trial.ipynb,Training/Model Variants/Neural Networks/CNN/CNN_Filter_Architecture_Trial.ipynb,ensure_selected_config_from_results,6,5,0.4545,148,## 2. Load Cache and Previous Config,imports/setup; configuration/paths; dataset loading; feature preparation; model definition; training; evaluation; outputs/saving; function definitions,204,,,1,False
D:\Benjamin Data\Introduction to AI\Intro-to-AI\Training\Model Variants\Neural Networks\CNN\CNN_Filter_Architecture_Trial.ipynb,Training/Model Variants/Neural Networks/CNN/CNN_Filter_Architecture_Trial.ipynb,first_existing_results_path,6,5,0.4545,107,## 2. Load Cache and Previous Config,imports/setup; configuration/paths; dataset loading; feature preparation; model definition; training; evaluation; outputs/saving; function definitions,204,12,6,1,False
D:\Benjamin Data\Introduction to AI\Intro-to-AI\Training\Model Variants\Neural Networks\CNN\CNN_Filter_Architecture_Trial.ipynb,Training/Model Variants/Neural Networks/CNN/CNN_Filter_Architecture_Trial.ipynb,load_class_weights,6,5,0.4545,163,## 2. Load Cache and Previous Config,imports/setup; configuration/paths; dataset loading; feature preparation; model definition; training; evaluation; outputs/saving; function definitions,204,,,1,False
D:\Benjamin Data\Introduction to AI\Intro-to-AI\Training\Model Variants\Neural Networks\CNN\CNN_Filter_Architecture_Trial.ipynb,Training/Model Variants/Neural Networks/CNN/CNN_Filter_Architecture_Trial.ipynb,load_json,6,5,0.4545,75,## 2. Load Cache and Previous Config,imports/setup; configuration/paths; dataset loading; feature preparation; model definition; training; evaluation; outputs/saving; function definitions,204,12,6,5,False
D:\Benjamin Data\Introduction to AI\Intro-to-AI\Training\Model Variants\Neural Networks\CNN\CNN_Filter_Architecture_Trial.ipynb,Training/Model Variants/Neural Networks/CNN/CNN_Filter_Architecture_Trial.ipynb,normalise_handoff_config,6,5,0.4545,89,## 2. Load Cache and Previous Config,imports/setup; configuration/paths; dataset loading; feature preparation; model definition; training; evaluation; outputs/saving; function definitions,204,,,1,False
D:\Benjamin Data\Introduction to AI\Intro-to-AI\Training\Model Variants\Neural Networks\CNN\CNN_Filter_Architecture_Trial.ipynb,Training/Model Variants/Neural Networks/CNN/CNN_Filter_Architecture_Trial.ipynb,rebuild_selected_config_from_results,6,5,0.4545,117,## 2. Load Cache and Previous Config,imports/setup; configuration/paths; dataset loading; feature preparation; model definition; training; evaluation; outputs/saving; function definitions,204,12,6,2,False
D:\Benjamin Data\Introduction to AI\Intro-to-AI\Training\Model Variants\Neural Networks\CNN\CNN_Filter_Architecture_Trial.ipynb,Training/Model Variants/Neural Networks/CNN/CNN_Filter_Architecture_Trial.ipynb,require_file,6,5,0.4545,67,## 2. Load Cache and Previous Config,imports/setup; configuration/paths; dataset loading; feature preparation; model definition; training; evaluation; outputs/saving; function definitions,204,,,2,False
D:\Benjamin Data\Introduction to AI\Intro-to-AI\Training\Model Variants\Neural Networks\CNN\CNN_Filter_Architecture_Trial.ipynb,Training/Model Variants/Neural Networks/CNN/CNN_Filter_Architecture_Trial.ipynb,resolve_project_root,6,5,0.4545,34,## 2. Load Cache and Previous Config,imports/setup; configuration/paths; dataset loading; feature preparation; model definition; training; evaluation; outputs/saving; function definitions,204,,,1,False
D:\Benjamin Data\Introduction to AI\Intro-to-AI\Training\Model Variants\Neural Networks\CNN\CNN_Filter_Architecture_Trial.ipynb,Training/Model Variants/Neural Networks/CNN/CNN_Filter_Architecture_Trial.ipynb,save_json,6,5,0.4545,81,## 2. Load Cache and Previous Config,imports/setup; configuration/paths; dataset loading; feature preparation; model definition; training; evaluation; outputs/saving; function definitions,204,8,2,3,False
D:\Benjamin Data\Introduction to AI\Intro-to-AI\Training\Model Variants\Neural Networks\CNN\CNN_Filter_Architecture_Trial.ipynb,Training/Model Variants/Neural Networks/CNN/CNN_Filter_Architecture_Trial.ipynb,_controlled_candidate_label,8,7,0.6364,164,## 3. Keras Utilities,configuration/paths; feature preparation; model definition; training; evaluation; outputs/saving; function definitions,244,,,4,False
D:\Benjamin Data\Introduction to AI\Intro-to-AI\Training\Model Variants\Neural Networks\CNN\CNN_Filter_Architecture_Trial.ipynb,Training/Model Variants/Neural Networks/CNN/CNN_Filter_Architecture_Trial.ipynb,build_cnn_model,8,7,0.6364,51,## 3. Keras Utilities,configuration/paths; feature preparation; model definition; training; evaluation; outputs/saving; function definitions,244,,,1,False
D:\Benjamin Data\Introduction to AI\Intro-to-AI\Training\Model Variants\Neural Networks\CNN\CNN_Filter_Architecture_Trial.ipynb,Training/Model Variants/Neural Networks/CNN/CNN_Filter_Architecture_Trial.ipynb,config_json,8,7,0.6364,18,## 3. Keras Utilities,configuration/paths; feature preparation; model definition; training; evaluation; outputs/saving; function definitions,244,,,3,False
D:\Benjamin Data\Introduction to AI\Intro-to-AI\Training\Model Variants\Neural Networks\CNN\CNN_Filter_Architecture_Trial.ipynb,Training/Model Variants/Neural Networks/CNN/CNN_Filter_Architecture_Trial.ipynb,config_key,8,7,0.6364,23,## 3. Keras Utilities,configuration/paths; feature preparation; model definition; training; evaluation; outputs/saving; function definitions,244,,,1,False
D:\Benjamin Data\Introduction to AI\Intro-to-AI\Training\Model Variants\Neural Networks\CNN\CNN_Filter_Architecture_Trial.ipynb,Training/Model Variants/Neural Networks/CNN/CNN_Filter_Architecture_Trial.ipynb,flat_result,8,7,0.6364,128,## 3. Keras Utilities,configuration/paths; feature preparation; model definition; training; evaluation; outputs/saving; function definitions,244,,,2,False
D:\Benjamin Data\Introduction to AI\Intro-to-AI\Training\Model Variants\Neural Networks\CNN\CNN_Filter_Architecture_Trial.ipynb,Training/Model Variants/Neural Networks/CNN/CNN_Filter_Architecture_Trial.ipynb,make_optimizer,8,7,0.6364,39,## 3. Keras Utilities,configuration/paths; feature preparation; model definition; training; evaluation; outputs/saving; function definitions,244,,,1,False
D:\Benjamin Data\Introduction to AI\Intro-to-AI\Training\Model Variants\Neural Networks\CNN\CNN_Filter_Architecture_Trial.ipynb,Training/Model Variants/Neural Networks/CNN/CNN_Filter_Architecture_Trial.ipynb,normalise_config,8,7,0.6364,2,## 3. Keras Utilities,configuration/paths; feature preparation; model definition; training; evaluation; outputs/saving; function definitions,244,10,2,7,False
D:\Benjamin Data\Introduction to AI\Intro-to-AI\Training\Model Variants\Neural Networks\CNN\CNN_Filter_Architecture_Trial.ipynb,Training/Model Variants/Neural Networks/CNN/CNN_Filter_Architecture_Trial.ipynb,run_controlled_trial,8,7,0.6364,171,## 3. Keras Utilities,configuration/paths; feature preparation; model definition; training; evaluation; outputs/saving; function definitions,244,12,4,1,False
D:\Benjamin Data\Introduction to AI\Intro-to-AI\Training\Model Variants\Neural Networks\CNN\CNN_Filter_Architecture_Trial.ipynb,Training/Model Variants/Neural Networks/CNN/CNN_Filter_Architecture_Trial.ipynb,seed_from_config,8,7,0.6364,27,## 3. Keras Utilities,configuration/paths; feature preparation; model definition; training; evaluation; outputs/saving; function definitions,244,,,1,False
D:\Benjamin Data\Introduction to AI\Intro-to-AI\Training\Model Variants\Neural Networks\CNN\CNN_Filter_Architecture_Trial.ipynb,Training/Model Variants/Neural Networks/CNN/CNN_Filter_Architecture_Trial.ipynb,select_best,8,7,0.6364,160,## 3. Keras Utilities,configuration/paths; feature preparation; model definition; training; evaluation; outputs/saving; function definitions,244,,,1,False
D:\Benjamin Data\Introduction to AI\Intro-to-AI\Training\Model Variants\Neural Networks\CNN\CNN_Filter_Architecture_Trial.ipynb,Training/Model Variants/Neural Networks/CNN/CNN_Filter_Architecture_Trial.ipynb,set_global_seed,8,7,0.6364,32,## 3. Keras Utilities,configuration/paths; feature preparation; model definition; training; evaluation; outputs/saving; function definitions,244,,,1,False
D:\Benjamin Data\Introduction to AI\Intro-to-AI\Training\Model Variants\Neural Networks\CNN\CNN_Filter_Architecture_Trial.ipynb,Training/Model Variants/Neural Networks/CNN/CNN_Filter_Architecture_Trial.ipynb,train_and_evaluate_config,8,7,0.6364,79,## 3. Keras Utilities,configuration/paths; feature preparation; model definition; training; evaluation; outputs/saving; function definitions,244,,,1,False
D:\Benjamin Data\Introduction to AI\Intro-to-AI\Training\Model Variants\Neural Networks\CNN\CNN_Final_Selected_Model.ipynb,Training/Model Variants/Neural Networks/CNN/CNN_Final_Selected_Model.ipynb,load_class_weights,6,5,0.5556,87,## 2. Load Selected Hyperparameters and Test Cache,imports/setup; configuration/paths; dataset loading; feature preparation; model definition; training; evaluation; outputs/saving; function definitions,137,,,1,False
D:\Benjamin Data\Introduction to AI\Intro-to-AI\Training\Model Variants\Neural Networks\CNN\CNN_Final_Selected_Model.ipynb,Training/Model Variants/Neural Networks/CNN/CNN_Final_Selected_Model.ipynb,load_json,6,5,0.5556,75,## 2. Load Selected Hyperparameters and Test Cache,imports/setup; configuration/paths; dataset loading; feature preparation; model definition; training; evaluation; outputs/saving; function definitions,137,,,3,False
D:\Benjamin Data\Introduction to AI\Intro-to-AI\Training\Model Variants\Neural Networks\CNN\CNN_Final_Selected_Model.ipynb,Training/Model Variants/Neural Networks/CNN/CNN_Final_Selected_Model.ipynb,require_file,6,5,0.5556,67,## 2. Load Selected Hyperparameters and Test Cache,imports/setup; configuration/paths; dataset loading; feature preparation; model definition; training; evaluation; outputs/saving; function definitions,137,,,2,False
D:\Benjamin Data\Introduction to AI\Intro-to-AI\Training\Model Variants\Neural Networks\CNN\CNN_Final_Selected_Model.ipynb,Training/Model Variants/Neural Networks/CNN/CNN_Final_Selected_Model.ipynb,resolve_project_root,6,5,0.5556,34,## 2. Load Selected Hyperparameters and Test Cache,imports/setup; configuration/paths; dataset loading; feature preparation; model definition; training; evaluation; outputs/saving; function definitions,137,,,1,False
D:\Benjamin Data\Introduction to AI\Intro-to-AI\Training\Model Variants\Neural Networks\CNN\CNN_Final_Selected_Model.ipynb,Training/Model Variants/Neural Networks/CNN/CNN_Final_Selected_Model.ipynb,save_json,6,5,0.5556,81,## 2. Load Selected Hyperparameters and Test Cache,imports/setup; configuration/paths; dataset loading; feature preparation; model definition; training; evaluation; outputs/saving; function definitions,137,10,4,1,False
D:\Benjamin Data\Introduction to AI\Intro-to-AI\Training\Model Variants\Neural Networks\CNN\CNN_Final_Selected_Model.ipynb,Training/Model Variants/Neural Networks/CNN/CNN_Final_Selected_Model.ipynb,build_cnn_model,8,7,0.7778,51,## 3. Keras Utilities,configuration/paths; feature preparation; model definition; training; evaluation; outputs/saving; function definitions,162,10,2,2,False
D:\Benjamin Data\Introduction to AI\Intro-to-AI\Training\Model Variants\Neural Networks\CNN\CNN_Final_Selected_Model.ipynb,Training/Model Variants/Neural Networks/CNN/CNN_Final_Selected_Model.ipynb,config_json,8,7,0.7778,18,## 3. Keras Utilities,configuration/paths; feature preparation; model definition; training; evaluation; outputs/saving; function definitions,162,,,3,False
D:\Benjamin Data\Introduction to AI\Intro-to-AI\Training\Model Variants\Neural Networks\CNN\CNN_Final_Selected_Model.ipynb,Training/Model Variants/Neural Networks/CNN/CNN_Final_Selected_Model.ipynb,config_key,8,7,0.7778,23,## 3. Keras Utilities,configuration/paths; feature preparation; model definition; training; evaluation; outputs/saving; function definitions,162,,,1,False
D:\Benjamin Data\Introduction to AI\Intro-to-AI\Training\Model Variants\Neural Networks\CNN\CNN_Final_Selected_Model.ipynb,Training/Model Variants/Neural Networks/CNN/CNN_Final_Selected_Model.ipynb,flat_result,8,7,0.7778,128,## 3. Keras Utilities,configuration/paths; feature preparation; model definition; training; evaluation; outputs/saving; function definitions,162,,,0,False
D:\Benjamin Data\Introduction to AI\Intro-to-AI\Training\Model Variants\Neural Networks\CNN\CNN_Final_Selected_Model.ipynb,Training/Model Variants/Neural Networks/CNN/CNN_Final_Selected_Model.ipynb,make_optimizer,8,7,0.7778,39,## 3. Keras Utilities,configuration/paths; feature preparation; model definition; training; evaluation; outputs/saving; function definitions,162,,,1,False
D:\Benjamin Data\Introduction to AI\Intro-to-AI\Training\Model Variants\Neural Networks\CNN\CNN_Final_Selected_Model.ipynb,Training/Model Variants/Neural Networks/CNN/CNN_Final_Selected_Model.ipynb,normalise_config,8,7,0.7778,2,## 3. Keras Utilities,configuration/paths; feature preparation; model definition; training; evaluation; outputs/saving; function definitions,162,,,4,False
D:\Benjamin Data\Introduction to AI\Intro-to-AI\Training\Model Variants\Neural Networks\CNN\CNN_Final_Selected_Model.ipynb,Training/Model Variants/Neural Networks/CNN/CNN_Final_Selected_Model.ipynb,seed_from_config,8,7,0.7778,27,## 3. Keras Utilities,configuration/paths; feature preparation; model definition; training; evaluation; outputs/saving; function definitions,162,,,0,False
D:\Benjamin Data\Introduction to AI\Intro-to-AI\Training\Model Variants\Neural Networks\CNN\CNN_Final_Selected_Model.ipynb,Training/Model Variants/Neural Networks/CNN/CNN_Final_Selected_Model.ipynb,select_best,8,7,0.7778,160,## 3. Keras Utilities,configuration/paths; feature preparation; model definition; training; evaluation; outputs/saving; function definitions,162,,,0,False
D:\Benjamin Data\Introduction to AI\Intro-to-AI\Training\Model Variants\Neural Networks\CNN\CNN_Final_Selected_Model.ipynb,Training/Model Variants/Neural Networks/CNN/CNN_Final_Selected_Model.ipynb,set_global_seed,8,7,0.7778,32,## 3. Keras Utilities,configuration/paths; feature preparation; model definition; training; evaluation; outputs/saving; function definitions,162,10,2,2,False
D:\Benjamin Data\Introduction to AI\Intro-to-AI\Training\Model Variants\Neural Networks\CNN\CNN_Final_Selected_Model.ipynb,Training/Model Variants/Neural Networks/CNN/CNN_Final_Selected_Model.ipynb,train_and_evaluate_config,8,7,0.7778,79,## 3. Keras Utilities,configuration/paths; feature preparation; model definition; training; evaluation; outputs/saving; function definitions,162,,,0,False
D:\Benjamin Data\Introduction to AI\Intro-to-AI\Training\Model Variants\Neural Networks\CNN\CNN_Final_Selected_Model.ipynb,Training/Model Variants/Neural Networks/CNN/CNN_Final_Selected_Model.ipynb,subgroup_metrics,10,9,1.0,7,## 4. Final Held-Out Test Evaluation,configuration/paths; training; evaluation; outputs/saving; function definitions,43,,,2,False
D:\Benjamin Data\Introduction to AI\Intro-to-AI\Training\Model Variants\Neural Networks\CNN\CNN_Genetic_Algorithm.ipynb,Training/Model Variants/Neural Networks/CNN/CNN_Genetic_Algorithm.ipynb,load_class_weights,7,6,0.6,87,## 2. Load Cache and Search Space,imports/setup; configuration/paths; dataset loading; feature preparation; model definition; training; evaluation; outputs/saving; function definitions,126,,,1,False
D:\Benjamin Data\Introduction to AI\Intro-to-AI\Training\Model Variants\Neural Networks\CNN\CNN_Genetic_Algorithm.ipynb,Training/Model Variants/Neural Networks/CNN/CNN_Genetic_Algorithm.ipynb,load_json,7,6,0.6,75,## 2. Load Cache and Search Space,imports/setup; configuration/paths; dataset loading; feature preparation; model definition; training; evaluation; outputs/saving; function definitions,126,11,4,4,False
D:\Benjamin Data\Introduction to AI\Intro-to-AI\Training\Model Variants\Neural Networks\CNN\CNN_Genetic_Algorithm.ipynb,Training/Model Variants/Neural Networks/CNN/CNN_Genetic_Algorithm.ipynb,require_file,7,6,0.6,67,## 2. Load Cache and Search Space,imports/setup; configuration/paths; dataset loading; feature preparation; model definition; training; evaluation; outputs/saving; function definitions,126,,,2,False
D:\Benjamin Data\Introduction to AI\Intro-to-AI\Training\Model Variants\Neural Networks\CNN\CNN_Genetic_Algorithm.ipynb,Training/Model Variants/Neural Networks/CNN/CNN_Genetic_Algorithm.ipynb,resolve_project_root,7,6,0.6,34,## 2. Load Cache and Search Space,imports/setup; configuration/paths; dataset loading; feature preparation; model definition; training; evaluation; outputs/saving; function definitions,126,,,1,False
D:\Benjamin Data\Introduction to AI\Intro-to-AI\Training\Model Variants\Neural Networks\CNN\CNN_Genetic_Algorithm.ipynb,Training/Model Variants/Neural Networks/CNN/CNN_Genetic_Algorithm.ipynb,save_json,7,6,0.6,81,## 2. Load Cache and Search Space,imports/setup; configuration/paths; dataset loading; feature preparation; model definition; training; evaluation; outputs/saving; function definitions,126,11,4,2,False
D:\Benjamin Data\Introduction to AI\Intro-to-AI\Training\Model Variants\Neural Networks\CNN\CNN_Genetic_Algorithm.ipynb,Training/Model Variants/Neural Networks/CNN/CNN_Genetic_Algorithm.ipynb,build_cnn_model,9,8,0.8,51,## 3. Keras Utilities,configuration/paths; feature preparation; model definition; training; evaluation; outputs/saving; function definitions,162,,,1,False
D:\Benjamin Data\Introduction to AI\Intro-to-AI\Training\Model Variants\Neural Networks\CNN\CNN_Genetic_Algorithm.ipynb,Training/Model Variants/Neural Networks/CNN/CNN_Genetic_Algorithm.ipynb,config_json,9,8,0.8,18,## 3. Keras Utilities,configuration/paths; feature preparation; model definition; training; evaluation; outputs/saving; function definitions,162,,,3,False
D:\Benjamin Data\Introduction to AI\Intro-to-AI\Training\Model Variants\Neural Networks\CNN\CNN_Genetic_Algorithm.ipynb,Training/Model Variants/Neural Networks/CNN/CNN_Genetic_Algorithm.ipynb,config_key,9,8,0.8,23,## 3. Keras Utilities,configuration/paths; feature preparation; model definition; training; evaluation; outputs/saving; function definitions,162,11,2,2,False
D:\Benjamin Data\Introduction to AI\Intro-to-AI\Training\Model Variants\Neural Networks\CNN\CNN_Genetic_Algorithm.ipynb,Training/Model Variants/Neural Networks/CNN/CNN_Genetic_Algorithm.ipynb,flat_result,9,8,0.8,128,## 3. Keras Utilities,configuration/paths; feature preparation; model definition; training; evaluation; outputs/saving; function definitions,162,11,2,2,False
D:\Benjamin Data\Introduction to AI\Intro-to-AI\Training\Model Variants\Neural Networks\CNN\CNN_Genetic_Algorithm.ipynb,Training/Model Variants/Neural Networks/CNN/CNN_Genetic_Algorithm.ipynb,make_optimizer,9,8,0.8,39,## 3. Keras Utilities,configuration/paths; feature preparation; model definition; training; evaluation; outputs/saving; function definitions,162,,,1,False
D:\Benjamin Data\Introduction to AI\Intro-to-AI\Training\Model Variants\Neural Networks\CNN\CNN_Genetic_Algorithm.ipynb,Training/Model Variants/Neural Networks/CNN/CNN_Genetic_Algorithm.ipynb,normalise_config,9,8,0.8,2,## 3. Keras Utilities,configuration/paths; feature preparation; model definition; training; evaluation; outputs/saving; function definitions,162,11,2,10,False
D:\Benjamin Data\Introduction to AI\Intro-to-AI\Training\Model Variants\Neural Networks\CNN\CNN_Genetic_Algorithm.ipynb,Training/Model Variants/Neural Networks/CNN/CNN_Genetic_Algorithm.ipynb,seed_from_config,9,8,0.8,27,## 3. Keras Utilities,configuration/paths; feature preparation; model definition; training; evaluation; outputs/saving; function definitions,162,11,2,1,False
D:\Benjamin Data\Introduction to AI\Intro-to-AI\Training\Model Variants\Neural Networks\CNN\CNN_Genetic_Algorithm.ipynb,Training/Model Variants/Neural Networks/CNN/CNN_Genetic_Algorithm.ipynb,select_best,9,8,0.8,160,## 3. Keras Utilities,configuration/paths; feature preparation; model definition; training; evaluation; outputs/saving; function definitions,162,11,2,2,False
D:\Benjamin Data\Introduction to AI\Intro-to-AI\Training\Model Variants\Neural Networks\CNN\CNN_Genetic_Algorithm.ipynb,Training/Model Variants/Neural Networks/CNN/CNN_Genetic_Algorithm.ipynb,set_global_seed,9,8,0.8,32,## 3. Keras Utilities,configuration/paths; feature preparation; model definition; training; evaluation; outputs/saving; function definitions,162,,,1,False
D:\Benjamin Data\Introduction to AI\Intro-to-AI\Training\Model Variants\Neural Networks\CNN\CNN_Genetic_Algorithm.ipynb,Training/Model Variants/Neural Networks/CNN/CNN_Genetic_Algorithm.ipynb,train_and_evaluate_config,9,8,0.8,79,## 3. Keras Utilities,configuration/paths; feature preparation; model definition; training; evaluation; outputs/saving; function definitions,162,11,2,1,False
D:\Benjamin Data\Introduction to AI\Intro-to-AI\Training\Model Variants\Neural Networks\CNN\CNN_Genetic_Algorithm.ipynb,Training/Model Variants/Neural Networks/CNN/CNN_Genetic_Algorithm.ipynb,crossover,11,10,1.0,51,## 4. Run or Load GA,configuration/paths; dataset loading; training; outputs/saving; function definitions,105,,,1,False
D:\Benjamin Data\Introduction to AI\Intro-to-AI\Training\Model Variants\Neural Networks\CNN\CNN_Genetic_Algorithm.ipynb,Training/Model Variants/Neural Networks/CNN/CNN_Genetic_Algorithm.ipynb,mutate,11,10,1.0,43,## 4. Run or Load GA,configuration/paths; dataset loading; training; outputs/saving; function definitions,105,,,1,False
D:\Benjamin Data\Introduction to AI\Intro-to-AI\Training\Model Variants\Neural Networks\CNN\CNN_Genetic_Algorithm.ipynb,Training/Model Variants/Neural Networks/CNN/CNN_Genetic_Algorithm.ipynb,random_config,11,10,1.0,40,## 4. Run or Load GA,configuration/paths; dataset loading; training; outputs/saving; function definitions,105,,,1,False
D:\Benjamin Data\Introduction to AI\Intro-to-AI\Training\Model Variants\Neural Networks\CNN\CNN_Genetic_Algorithm.ipynb,Training/Model Variants/Neural Networks/CNN/CNN_Genetic_Algorithm.ipynb,rebuild_best_json_from_trials,11,10,1.0,11,## 4. Run or Load GA,configuration/paths; dataset loading; training; outputs/saving; function definitions,105,,,1,False
D:\Benjamin Data\Introduction to AI\Intro-to-AI\Training\Model Variants\Neural Networks\CNN\CNN_Genetic_Algorithm.ipynb,Training/Model Variants/Neural Networks/CNN/CNN_Genetic_Algorithm.ipynb,tournament,11,10,1.0,54,## 4. Run or Load GA,configuration/paths; dataset loading; training; outputs/saving; function definitions,105,,,2,False
D:\Benjamin Data\Introduction to AI\Intro-to-AI\Training\Model Variants\Neural Networks\CNN\CNN_HPO_Comparison.ipynb,Training/Model Variants/Neural Networks/CNN/CNN_HPO_Comparison.ipynb,load_class_weights,6,5,0.3846,87,## 2. Load Cache and Artifacts,imports/setup; configuration/paths; dataset loading; feature preparation; model definition; training; evaluation; outputs/saving; function definitions,125,,,1,False
D:\Benjamin Data\Introduction to AI\Intro-to-AI\Training\Model Variants\Neural Networks\CNN\CNN_HPO_Comparison.ipynb,Training/Model Variants/Neural Networks/CNN/CNN_HPO_Comparison.ipynb,load_json,6,5,0.3846,75,## 2. Load Cache and Artifacts,imports/setup; configuration/paths; dataset loading; feature preparation; model definition; training; evaluation; outputs/saving; function definitions,125,10,4,4,False
D:\Benjamin Data\Introduction to AI\Intro-to-AI\Training\Model Variants\Neural Networks\CNN\CNN_HPO_Comparison.ipynb,Training/Model Variants/Neural Networks/CNN/CNN_HPO_Comparison.ipynb,require_file,6,5,0.3846,67,## 2. Load Cache and Artifacts,imports/setup; configuration/paths; dataset loading; feature preparation; model definition; training; evaluation; outputs/saving; function definitions,125,,,2,False
D:\Benjamin Data\Introduction to AI\Intro-to-AI\Training\Model Variants\Neural Networks\CNN\CNN_HPO_Comparison.ipynb,Training/Model Variants/Neural Networks/CNN/CNN_HPO_Comparison.ipynb,resolve_project_root,6,5,0.3846,34,## 2. Load Cache and Artifacts,imports/setup; configuration/paths; dataset loading; feature preparation; model definition; training; evaluation; outputs/saving; function definitions,125,,,1,False
D:\Benjamin Data\Introduction to AI\Intro-to-AI\Training\Model Variants\Neural Networks\CNN\CNN_HPO_Comparison.ipynb,Training/Model Variants/Neural Networks/CNN/CNN_HPO_Comparison.ipynb,save_json,6,5,0.3846,81,## 2. Load Cache and Artifacts,imports/setup; configuration/paths; dataset loading; feature preparation; model definition; training; evaluation; outputs/saving; function definitions,125,14,8,3,False
D:\Benjamin Data\Introduction to AI\Intro-to-AI\Training\Model Variants\Neural Networks\CNN\CNN_HPO_Comparison.ipynb,Training/Model Variants/Neural Networks/CNN/CNN_HPO_Comparison.ipynb,build_cnn_model,8,7,0.5385,51,## 3. Keras Utilities,configuration/paths; feature preparation; model definition; training; evaluation; outputs/saving; function definitions,162,,,1,False
D:\Benjamin Data\Introduction to AI\Intro-to-AI\Training\Model Variants\Neural Networks\CNN\CNN_HPO_Comparison.ipynb,Training/Model Variants/Neural Networks/CNN/CNN_HPO_Comparison.ipynb,config_json,8,7,0.5385,18,## 3. Keras Utilities,configuration/paths; feature preparation; model definition; training; evaluation; outputs/saving; function definitions,162,,,3,False
D:\Benjamin Data\Introduction to AI\Intro-to-AI\Training\Model Variants\Neural Networks\CNN\CNN_HPO_Comparison.ipynb,Training/Model Variants/Neural Networks/CNN/CNN_HPO_Comparison.ipynb,config_key,8,7,0.5385,23,## 3. Keras Utilities,configuration/paths; feature preparation; model definition; training; evaluation; outputs/saving; function definitions,162,,,1,False
D:\Benjamin Data\Introduction to AI\Intro-to-AI\Training\Model Variants\Neural Networks\CNN\CNN_HPO_Comparison.ipynb,Training/Model Variants/Neural Networks/CNN/CNN_HPO_Comparison.ipynb,flat_result,8,7,0.5385,128,## 3. Keras Utilities,configuration/paths; feature preparation; model definition; training; evaluation; outputs/saving; function definitions,162,14,6,1,False
D:\Benjamin Data\Introduction to AI\Intro-to-AI\Training\Model Variants\Neural Networks\CNN\CNN_HPO_Comparison.ipynb,Training/Model Variants/Neural Networks/CNN/CNN_HPO_Comparison.ipynb,make_optimizer,8,7,0.5385,39,## 3. Keras Utilities,configuration/paths; feature preparation; model definition; training; evaluation; outputs/saving; function definitions,162,,,1,False
D:\Benjamin Data\Introduction to AI\Intro-to-AI\Training\Model Variants\Neural Networks\CNN\CNN_HPO_Comparison.ipynb,Training/Model Variants/Neural Networks/CNN/CNN_HPO_Comparison.ipynb,normalise_config,8,7,0.5385,2,## 3. Keras Utilities,configuration/paths; feature preparation; model definition; training; evaluation; outputs/saving; function definitions,162,14,6,9,False
D:\Benjamin Data\Introduction to AI\Intro-to-AI\Training\Model Variants\Neural Networks\CNN\CNN_HPO_Comparison.ipynb,Training/Model Variants/Neural Networks/CNN/CNN_HPO_Comparison.ipynb,seed_from_config,8,7,0.5385,27,## 3. Keras Utilities,configuration/paths; feature preparation; model definition; training; evaluation; outputs/saving; function definitions,162,,,0,False
D:\Benjamin Data\Introduction to AI\Intro-to-AI\Training\Model Variants\Neural Networks\CNN\CNN_HPO_Comparison.ipynb,Training/Model Variants/Neural Networks/CNN/CNN_HPO_Comparison.ipynb,select_best,8,7,0.5385,160,## 3. Keras Utilities,configuration/paths; feature preparation; model definition; training; evaluation; outputs/saving; function definitions,162,,,0,False
D:\Benjamin Data\Introduction to AI\Intro-to-AI\Training\Model Variants\Neural Networks\CNN\CNN_HPO_Comparison.ipynb,Training/Model Variants/Neural Networks/CNN/CNN_HPO_Comparison.ipynb,set_global_seed,8,7,0.5385,32,## 3. Keras Utilities,configuration/paths; feature preparation; model definition; training; evaluation; outputs/saving; function definitions,162,,,1,False
D:\Benjamin Data\Introduction to AI\Intro-to-AI\Training\Model Variants\Neural Networks\CNN\CNN_HPO_Comparison.ipynb,Training/Model Variants/Neural Networks/CNN/CNN_HPO_Comparison.ipynb,train_and_evaluate_config,8,7,0.5385,79,## 3. Keras Utilities,configuration/paths; feature preparation; model definition; training; evaluation; outputs/saving; function definitions,162,14,6,1,False
D:\Benjamin Data\Introduction to AI\Intro-to-AI\Training\Model Variants\Neural Networks\CNN\CNN_HPO_Comparison.ipynb,Training/Model Variants/Neural Networks/CNN/CNN_HPO_Comparison.ipynb,load_trials,10,9,0.6923,5,## 4. Compare HPO Methods,dataset loading; feature preparation; outputs/saving; function definitions,38,,,2,False
D:\Benjamin Data\Introduction to AI\Intro-to-AI\Training\Model Variants\Neural Networks\CNN\CNN_HPO_Comparison.ipynb,Training/Model Variants/Neural Networks/CNN/CNN_HPO_Comparison.ipynb,summarise,10,9,0.6923,13,## 4. Compare HPO Methods,dataset loading; feature preparation; outputs/saving; function definitions,38,14,4,6,False
D:\Benjamin Data\Introduction to AI\Intro-to-AI\Training\Model Variants\Neural Networks\CNN\CNN_HPO_Comparison.ipynb,Training/Model Variants/Neural Networks/CNN/CNN_HPO_Comparison.ipynb,rebuild_selected_hyperparameters_from_confirmation,14,13,1.0,28,## 6. Multi-Seed Confirmation,dataset loading; evaluation; outputs/saving; function definitions,154,,,1,False
D:\Benjamin Data\Introduction to AI\Intro-to-AI\Training\Model Variants\Neural Networks\CNN\CNN_HPO_Comparison.ipynb,Training/Model Variants/Neural Networks/CNN/CNN_HPO_Comparison.ipynb,rebuild_selected_hyperparameters_from_hpo_evidence,14,13,1.0,61,## 6. Multi-Seed Confirmation,dataset loading; evaluation; outputs/saving; function definitions,154,,,1,False
D:\Benjamin Data\Introduction to AI\Intro-to-AI\Training\Model Variants\Neural Networks\CNN\CNN_HPO_Comparison.ipynb,Training/Model Variants/Neural Networks/CNN/CNN_HPO_Comparison.ipynb,row_config,14,13,1.0,8,## 6. Multi-Seed Confirmation,dataset loading; evaluation; outputs/saving; function definitions,154,,,5,False
D:\Benjamin Data\Introduction to AI\Intro-to-AI\Training\Model Variants\Neural Networks\CNN\CNN_HPO_Comparison.ipynb,Training/Model Variants/Neural Networks/CNN/CNN_HPO_Comparison.ipynb,selected_payload_from_validation_evidence,14,13,1.0,13,## 6. Multi-Seed Confirmation,dataset loading; evaluation; outputs/saving; function definitions,154,,,1,False
D:\Benjamin Data\Introduction to AI\Intro-to-AI\Training\Model Variants\Neural Networks\CNN\CNN_Kernel_Size_Trial.ipynb,Training/Model Variants/Neural Networks/CNN/CNN_Kernel_Size_Trial.ipynb,ensure_selected_config_from_results,6,5,0.4545,148,## 2. Load Cache and Previous Config,imports/setup; configuration/paths; dataset loading; feature preparation; model definition; training; evaluation; outputs/saving; function definitions,202,,,0,False
D:\Benjamin Data\Introduction to AI\Intro-to-AI\Training\Model Variants\Neural Networks\CNN\CNN_Kernel_Size_Trial.ipynb,Training/Model Variants/Neural Networks/CNN/CNN_Kernel_Size_Trial.ipynb,first_existing_results_path,6,5,0.4545,107,## 2. Load Cache and Previous Config,imports/setup; configuration/paths; dataset loading; feature preparation; model definition; training; evaluation; outputs/saving; function definitions,202,,,0,False
D:\Benjamin Data\Introduction to AI\Intro-to-AI\Training\Model Variants\Neural Networks\CNN\CNN_Kernel_Size_Trial.ipynb,Training/Model Variants/Neural Networks/CNN/CNN_Kernel_Size_Trial.ipynb,load_class_weights,6,5,0.4545,163,## 2. Load Cache and Previous Config,imports/setup; configuration/paths; dataset loading; feature preparation; model definition; training; evaluation; outputs/saving; function definitions,202,,,1,False
D:\Benjamin Data\Introduction to AI\Intro-to-AI\Training\Model Variants\Neural Networks\CNN\CNN_Kernel_Size_Trial.ipynb,Training/Model Variants/Neural Networks/CNN/CNN_Kernel_Size_Trial.ipynb,load_json,6,5,0.4545,75,## 2. Load Cache and Previous Config,imports/setup; configuration/paths; dataset loading; feature preparation; model definition; training; evaluation; outputs/saving; function definitions,202,12,6,5,False
D:\Benjamin Data\Introduction to AI\Intro-to-AI\Training\Model Variants\Neural Networks\CNN\CNN_Kernel_Size_Trial.ipynb,Training/Model Variants/Neural Networks/CNN/CNN_Kernel_Size_Trial.ipynb,normalise_handoff_config,6,5,0.4545,89,## 2. Load Cache and Previous Config,imports/setup; configuration/paths; dataset loading; feature preparation; model definition; training; evaluation; outputs/saving; function definitions,202,,,1,False
D:\Benjamin Data\Introduction to AI\Intro-to-AI\Training\Model Variants\Neural Networks\CNN\CNN_Kernel_Size_Trial.ipynb,Training/Model Variants/Neural Networks/CNN/CNN_Kernel_Size_Trial.ipynb,rebuild_selected_config_from_results,6,5,0.4545,117,## 2. Load Cache and Previous Config,imports/setup; configuration/paths; dataset loading; feature preparation; model definition; training; evaluation; outputs/saving; function definitions,202,12,6,2,False
D:\Benjamin Data\Introduction to AI\Intro-to-AI\Training\Model Variants\Neural Networks\CNN\CNN_Kernel_Size_Trial.ipynb,Training/Model Variants/Neural Networks/CNN/CNN_Kernel_Size_Trial.ipynb,require_file,6,5,0.4545,67,## 2. Load Cache and Previous Config,imports/setup; configuration/paths; dataset loading; feature preparation; model definition; training; evaluation; outputs/saving; function definitions,202,,,2,False
D:\Benjamin Data\Introduction to AI\Intro-to-AI\Training\Model Variants\Neural Networks\CNN\CNN_Kernel_Size_Trial.ipynb,Training/Model Variants/Neural Networks/CNN/CNN_Kernel_Size_Trial.ipynb,resolve_project_root,6,5,0.4545,34,## 2. Load Cache and Previous Config,imports/setup; configuration/paths; dataset loading; feature preparation; model definition; training; evaluation; outputs/saving; function definitions,202,,,1,False
D:\Benjamin Data\Introduction to AI\Intro-to-AI\Training\Model Variants\Neural Networks\CNN\CNN_Kernel_Size_Trial.ipynb,Training/Model Variants/Neural Networks/CNN/CNN_Kernel_Size_Trial.ipynb,save_json,6,5,0.4545,81,## 2. Load Cache and Previous Config,imports/setup; configuration/paths; dataset loading; feature preparation; model definition; training; evaluation; outputs/saving; function definitions,202,8,2,3,False
D:\Benjamin Data\Introduction to AI\Intro-to-AI\Training\Model Variants\Neural Networks\CNN\CNN_Kernel_Size_Trial.ipynb,Training/Model Variants/Neural Networks/CNN/CNN_Kernel_Size_Trial.ipynb,_controlled_candidate_label,8,7,0.6364,164,## 3. Keras Utilities,configuration/paths; feature preparation; model definition; training; evaluation; outputs/saving; function definitions,244,,,4,False
D:\Benjamin Data\Introduction to AI\Intro-to-AI\Training\Model Variants\Neural Networks\CNN\CNN_Kernel_Size_Trial.ipynb,Training/Model Variants/Neural Networks/CNN/CNN_Kernel_Size_Trial.ipynb,build_cnn_model,8,7,0.6364,51,## 3. Keras Utilities,configuration/paths; feature preparation; model definition; training; evaluation; outputs/saving; function definitions,244,,,1,False
D:\Benjamin Data\Introduction to AI\Intro-to-AI\Training\Model Variants\Neural Networks\CNN\CNN_Kernel_Size_Trial.ipynb,Training/Model Variants/Neural Networks/CNN/CNN_Kernel_Size_Trial.ipynb,config_json,8,7,0.6364,18,## 3. Keras Utilities,configuration/paths; feature preparation; model definition; training; evaluation; outputs/saving; function definitions,244,,,3,False
D:\Benjamin Data\Introduction to AI\Intro-to-AI\Training\Model Variants\Neural Networks\CNN\CNN_Kernel_Size_Trial.ipynb,Training/Model Variants/Neural Networks/CNN/CNN_Kernel_Size_Trial.ipynb,config_key,8,7,0.6364,23,## 3. Keras Utilities,configuration/paths; feature preparation; model definition; training; evaluation; outputs/saving; function definitions,244,,,1,False
D:\Benjamin Data\Introduction to AI\Intro-to-AI\Training\Model Variants\Neural Networks\CNN\CNN_Kernel_Size_Trial.ipynb,Training/Model Variants/Neural Networks/CNN/CNN_Kernel_Size_Trial.ipynb,flat_result,8,7,0.6364,128,## 3. Keras Utilities,configuration/paths; feature preparation; model definition; training; evaluation; outputs/saving; function definitions,244,,,2,False
D:\Benjamin Data\Introduction to AI\Intro-to-AI\Training\Model Variants\Neural Networks\CNN\CNN_Kernel_Size_Trial.ipynb,Training/Model Variants/Neural Networks/CNN/CNN_Kernel_Size_Trial.ipynb,make_optimizer,8,7,0.6364,39,## 3. Keras Utilities,configuration/paths; feature preparation; model definition; training; evaluation; outputs/saving; function definitions,244,,,1,False
D:\Benjamin Data\Introduction to AI\Intro-to-AI\Training\Model Variants\Neural Networks\CNN\CNN_Kernel_Size_Trial.ipynb,Training/Model Variants/Neural Networks/CNN/CNN_Kernel_Size_Trial.ipynb,normalise_config,8,7,0.6364,2,## 3. Keras Utilities,configuration/paths; feature preparation; model definition; training; evaluation; outputs/saving; function definitions,244,10,2,7,False
D:\Benjamin Data\Introduction to AI\Intro-to-AI\Training\Model Variants\Neural Networks\CNN\CNN_Kernel_Size_Trial.ipynb,Training/Model Variants/Neural Networks/CNN/CNN_Kernel_Size_Trial.ipynb,run_controlled_trial,8,7,0.6364,171,## 3. Keras Utilities,configuration/paths; feature preparation; model definition; training; evaluation; outputs/saving; function definitions,244,12,4,1,False
D:\Benjamin Data\Introduction to AI\Intro-to-AI\Training\Model Variants\Neural Networks\CNN\CNN_Kernel_Size_Trial.ipynb,Training/Model Variants/Neural Networks/CNN/CNN_Kernel_Size_Trial.ipynb,seed_from_config,8,7,0.6364,27,## 3. Keras Utilities,configuration/paths; feature preparation; model definition; training; evaluation; outputs/saving; function definitions,244,,,1,False
D:\Benjamin Data\Introduction to AI\Intro-to-AI\Training\Model Variants\Neural Networks\CNN\CNN_Kernel_Size_Trial.ipynb,Training/Model Variants/Neural Networks/CNN/CNN_Kernel_Size_Trial.ipynb,select_best,8,7,0.6364,160,## 3. Keras Utilities,configuration/paths; feature preparation; model definition; training; evaluation; outputs/saving; function definitions,244,,,1,False
D:\Benjamin Data\Introduction to AI\Intro-to-AI\Training\Model Variants\Neural Networks\CNN\CNN_Kernel_Size_Trial.ipynb,Training/Model Variants/Neural Networks/CNN/CNN_Kernel_Size_Trial.ipynb,set_global_seed,8,7,0.6364,32,## 3. Keras Utilities,configuration/paths; feature preparation; model definition; training; evaluation; outputs/saving; function definitions,244,,,1,False
D:\Benjamin Data\Introduction to AI\Intro-to-AI\Training\Model Variants\Neural Networks\CNN\CNN_Kernel_Size_Trial.ipynb,Training/Model Variants/Neural Networks/CNN/CNN_Kernel_Size_Trial.ipynb,train_and_evaluate_config,8,7,0.6364,79,## 3. Keras Utilities,configuration/paths; feature preparation; model definition; training; evaluation; outputs/saving; function definitions,244,,,1,False
D:\Benjamin Data\Introduction to AI\Intro-to-AI\Training\Model Variants\Neural Networks\CNN\CNN_LearningRate_BatchSize_Trial.ipynb,Training/Model Variants/Neural Networks/CNN/CNN_LearningRate_BatchSize_Trial.ipynb,ensure_selected_config_from_results,6,5,0.5556,148,## 2. Load Cache and Architecture Config,imports/setup; configuration/paths; dataset loading; feature preparation; model definition; training; evaluation; outputs/saving; function definitions,207,,,1,False
D:\Benjamin Data\Introduction to AI\Intro-to-AI\Training\Model Variants\Neural Networks\CNN\CNN_LearningRate_BatchSize_Trial.ipynb,Training/Model Variants/Neural Networks/CNN/CNN_LearningRate_BatchSize_Trial.ipynb,first_existing_results_path,6,5,0.5556,107,## 2. Load Cache and Architecture Config,imports/setup; configuration/paths; dataset loading; feature preparation; model definition; training; evaluation; outputs/saving; function definitions,207,,,1,False
D:\Benjamin Data\Introduction to AI\Intro-to-AI\Training\Model Variants\Neural Networks\CNN\CNN_LearningRate_BatchSize_Trial.ipynb,Training/Model Variants/Neural Networks/CNN/CNN_LearningRate_BatchSize_Trial.ipynb,load_class_weights,6,5,0.5556,163,## 2. Load Cache and Architecture Config,imports/setup; configuration/paths; dataset loading; feature preparation; model definition; training; evaluation; outputs/saving; function definitions,207,,,1,False
D:\Benjamin Data\Introduction to AI\Intro-to-AI\Training\Model Variants\Neural Networks\CNN\CNN_LearningRate_BatchSize_Trial.ipynb,Training/Model Variants/Neural Networks/CNN/CNN_LearningRate_BatchSize_Trial.ipynb,load_json,6,5,0.5556,75,## 2. Load Cache and Architecture Config,imports/setup; configuration/paths; dataset loading; feature preparation; model definition; training; evaluation; outputs/saving; function definitions,207,10,4,5,False
D:\Benjamin Data\Introduction to AI\Intro-to-AI\Training\Model Variants\Neural Networks\CNN\CNN_LearningRate_BatchSize_Trial.ipynb,Training/Model Variants/Neural Networks/CNN/CNN_LearningRate_BatchSize_Trial.ipynb,normalise_handoff_config,6,5,0.5556,89,## 2. Load Cache and Architecture Config,imports/setup; configuration/paths; dataset loading; feature preparation; model definition; training; evaluation; outputs/saving; function definitions,207,,,1,False
D:\Benjamin Data\Introduction to AI\Intro-to-AI\Training\Model Variants\Neural Networks\CNN\CNN_LearningRate_BatchSize_Trial.ipynb,Training/Model Variants/Neural Networks/CNN/CNN_LearningRate_BatchSize_Trial.ipynb,rebuild_selected_config_from_results,6,5,0.5556,117,## 2. Load Cache and Architecture Config,imports/setup; configuration/paths; dataset loading; feature preparation; model definition; training; evaluation; outputs/saving; function definitions,207,10,4,2,False
D:\Benjamin Data\Introduction to AI\Intro-to-AI\Training\Model Variants\Neural Networks\CNN\CNN_LearningRate_BatchSize_Trial.ipynb,Training/Model Variants/Neural Networks/CNN/CNN_LearningRate_BatchSize_Trial.ipynb,require_file,6,5,0.5556,67,## 2. Load Cache and Architecture Config,imports/setup; configuration/paths; dataset loading; feature preparation; model definition; training; evaluation; outputs/saving; function definitions,207,,,2,False
D:\Benjamin Data\Introduction to AI\Intro-to-AI\Training\Model Variants\Neural Networks\CNN\CNN_LearningRate_BatchSize_Trial.ipynb,Training/Model Variants/Neural Networks/CNN/CNN_LearningRate_BatchSize_Trial.ipynb,resolve_project_root,6,5,0.5556,34,## 2. Load Cache and Architecture Config,imports/setup; configuration/paths; dataset loading; feature preparation; model definition; training; evaluation; outputs/saving; function definitions,207,,,1,False
D:\Benjamin Data\Introduction to AI\Intro-to-AI\Training\Model Variants\Neural Networks\CNN\CNN_LearningRate_BatchSize_Trial.ipynb,Training/Model Variants/Neural Networks/CNN/CNN_LearningRate_BatchSize_Trial.ipynb,save_json,6,5,0.5556,81,## 2. Load Cache and Architecture Config,imports/setup; configuration/paths; dataset loading; feature preparation; model definition; training; evaluation; outputs/saving; function definitions,207,10,4,4,False
D:\Benjamin Data\Introduction to AI\Intro-to-AI\Training\Model Variants\Neural Networks\CNN\CNN_LearningRate_BatchSize_Trial.ipynb,Training/Model Variants/Neural Networks/CNN/CNN_LearningRate_BatchSize_Trial.ipynb,build_cnn_model,8,7,0.7778,51,## 3. Keras Utilities,configuration/paths; feature preparation; model definition; training; evaluation; outputs/saving; function definitions,162,,,1,False
D:\Benjamin Data\Introduction to AI\Intro-to-AI\Training\Model Variants\Neural Networks\CNN\CNN_LearningRate_BatchSize_Trial.ipynb,Training/Model Variants/Neural Networks/CNN/CNN_LearningRate_BatchSize_Trial.ipynb,config_json,8,7,0.7778,18,## 3. Keras Utilities,configuration/paths; feature preparation; model definition; training; evaluation; outputs/saving; function definitions,162,,,3,False
D:\Benjamin Data\Introduction to AI\Intro-to-AI\Training\Model Variants\Neural Networks\CNN\CNN_LearningRate_BatchSize_Trial.ipynb,Training/Model Variants/Neural Networks/CNN/CNN_LearningRate_BatchSize_Trial.ipynb,config_key,8,7,0.7778,23,## 3. Keras Utilities,configuration/paths; feature preparation; model definition; training; evaluation; outputs/saving; function definitions,162,,,1,False
D:\Benjamin Data\Introduction to AI\Intro-to-AI\Training\Model Variants\Neural Networks\CNN\CNN_LearningRate_BatchSize_Trial.ipynb,Training/Model Variants/Neural Networks/CNN/CNN_LearningRate_BatchSize_Trial.ipynb,flat_result,8,7,0.7778,128,## 3. Keras Utilities,configuration/paths; feature preparation; model definition; training; evaluation; outputs/saving; function definitions,162,10,2,2,False
D:\Benjamin Data\Introduction to AI\Intro-to-AI\Training\Model Variants\Neural Networks\CNN\CNN_LearningRate_BatchSize_Trial.ipynb,Training/Model Variants/Neural Networks/CNN/CNN_LearningRate_BatchSize_Trial.ipynb,make_optimizer,8,7,0.7778,39,## 3. Keras Utilities,configuration/paths; feature preparation; model definition; training; evaluation; outputs/saving; function definitions,162,,,1,False
D:\Benjamin Data\Introduction to AI\Intro-to-AI\Training\Model Variants\Neural Networks\CNN\CNN_LearningRate_BatchSize_Trial.ipynb,Training/Model Variants/Neural Networks/CNN/CNN_LearningRate_BatchSize_Trial.ipynb,normalise_config,8,7,0.7778,2,## 3. Keras Utilities,configuration/paths; feature preparation; model definition; training; evaluation; outputs/saving; function definitions,162,10,2,5,False
D:\Benjamin Data\Introduction to AI\Intro-to-AI\Training\Model Variants\Neural Networks\CNN\CNN_LearningRate_BatchSize_Trial.ipynb,Training/Model Variants/Neural Networks/CNN/CNN_LearningRate_BatchSize_Trial.ipynb,seed_from_config,8,7,0.7778,27,## 3. Keras Utilities,configuration/paths; feature preparation; model definition; training; evaluation; outputs/saving; function definitions,162,10,2,2,False
D:\Benjamin Data\Introduction to AI\Intro-to-AI\Training\Model Variants\Neural Networks\CNN\CNN_LearningRate_BatchSize_Trial.ipynb,Training/Model Variants/Neural Networks/CNN/CNN_LearningRate_BatchSize_Trial.ipynb,select_best,8,7,0.7778,160,## 3. Keras Utilities,configuration/paths; feature preparation; model definition; training; evaluation; outputs/saving; function definitions,162,10,2,2,False
D:\Benjamin Data\Introduction to AI\Intro-to-AI\Training\Model Variants\Neural Networks\CNN\CNN_LearningRate_BatchSize_Trial.ipynb,Training/Model Variants/Neural Networks/CNN/CNN_LearningRate_BatchSize_Trial.ipynb,set_global_seed,8,7,0.7778,32,## 3. Keras Utilities,configuration/paths; feature preparation; model definition; training; evaluation; outputs/saving; function definitions,162,,,1,False
D:\Benjamin Data\Introduction to AI\Intro-to-AI\Training\Model Variants\Neural Networks\CNN\CNN_LearningRate_BatchSize_Trial.ipynb,Training/Model Variants/Neural Networks/CNN/CNN_LearningRate_BatchSize_Trial.ipynb,train_and_evaluate_config,8,7,0.7778,79,## 3. Keras Utilities,configuration/paths; feature preparation; model definition; training; evaluation; outputs/saving; function definitions,162,10,2,2,False
D:\Benjamin Data\Introduction to AI\Intro-to-AI\Training\Model Variants\Neural Networks\CNN\CNN_Random_Search.ipynb,Training/Model Variants/Neural Networks/CNN/CNN_Random_Search.ipynb,load_class_weights,6,5,0.5556,87,## 2. Load Cache and Search Space,imports/setup; configuration/paths; dataset loading; feature preparation; model definition; training; evaluation; outputs/saving; function definitions,126,,,1,False
D:\Benjamin Data\Introduction to AI\Intro-to-AI\Training\Model Variants\Neural Networks\CNN\CNN_Random_Search.ipynb,Training/Model Variants/Neural Networks/CNN/CNN_Random_Search.ipynb,load_json,6,5,0.5556,75,## 2. Load Cache and Search Space,imports/setup; configuration/paths; dataset loading; feature preparation; model definition; training; evaluation; outputs/saving; function definitions,126,10,4,4,False
D:\Benjamin Data\Introduction to AI\Intro-to-AI\Training\Model Variants\Neural Networks\CNN\CNN_Random_Search.ipynb,Training/Model Variants/Neural Networks/CNN/CNN_Random_Search.ipynb,require_file,6,5,0.5556,67,## 2. Load Cache and Search Space,imports/setup; configuration/paths; dataset loading; feature preparation; model definition; training; evaluation; outputs/saving; function definitions,126,,,2,False
D:\Benjamin Data\Introduction to AI\Intro-to-AI\Training\Model Variants\Neural Networks\CNN\CNN_Random_Search.ipynb,Training/Model Variants/Neural Networks/CNN/CNN_Random_Search.ipynb,resolve_project_root,6,5,0.5556,34,## 2. Load Cache and Search Space,imports/setup; configuration/paths; dataset loading; feature preparation; model definition; training; evaluation; outputs/saving; function definitions,126,,,1,False
D:\Benjamin Data\Introduction to AI\Intro-to-AI\Training\Model Variants\Neural Networks\CNN\CNN_Random_Search.ipynb,Training/Model Variants/Neural Networks/CNN/CNN_Random_Search.ipynb,save_json,6,5,0.5556,81,## 2. Load Cache and Search Space,imports/setup; configuration/paths; dataset loading; feature preparation; model definition; training; evaluation; outputs/saving; function definitions,126,10,4,2,False
D:\Benjamin Data\Introduction to AI\Intro-to-AI\Training\Model Variants\Neural Networks\CNN\CNN_Random_Search.ipynb,Training/Model Variants/Neural Networks/CNN/CNN_Random_Search.ipynb,build_cnn_model,8,7,0.7778,51,## 3. Keras Utilities,configuration/paths; feature preparation; model definition; training; evaluation; outputs/saving; function definitions,162,,,1,False
D:\Benjamin Data\Introduction to AI\Intro-to-AI\Training\Model Variants\Neural Networks\CNN\CNN_Random_Search.ipynb,Training/Model Variants/Neural Networks/CNN/CNN_Random_Search.ipynb,config_json,8,7,0.7778,18,## 3. Keras Utilities,configuration/paths; feature preparation; model definition; training; evaluation; outputs/saving; function definitions,162,,,3,False
D:\Benjamin Data\Introduction to AI\Intro-to-AI\Training\Model Variants\Neural Networks\CNN\CNN_Random_Search.ipynb,Training/Model Variants/Neural Networks/CNN/CNN_Random_Search.ipynb,config_key,8,7,0.7778,23,## 3. Keras Utilities,configuration/paths; feature preparation; model definition; training; evaluation; outputs/saving; function definitions,162,,,1,False
D:\Benjamin Data\Introduction to AI\Intro-to-AI\Training\Model Variants\Neural Networks\CNN\CNN_Random_Search.ipynb,Training/Model Variants/Neural Networks/CNN/CNN_Random_Search.ipynb,flat_result,8,7,0.7778,128,## 3. Keras Utilities,configuration/paths; feature preparation; model definition; training; evaluation; outputs/saving; function definitions,162,10,2,2,False
D:\Benjamin Data\Introduction to AI\Intro-to-AI\Training\Model Variants\Neural Networks\CNN\CNN_Random_Search.ipynb,Training/Model Variants/Neural Networks/CNN/CNN_Random_Search.ipynb,make_optimizer,8,7,0.7778,39,## 3. Keras Utilities,configuration/paths; feature preparation; model definition; training; evaluation; outputs/saving; function definitions,162,,,1,False
D:\Benjamin Data\Introduction to AI\Intro-to-AI\Training\Model Variants\Neural Networks\CNN\CNN_Random_Search.ipynb,Training/Model Variants/Neural Networks/CNN/CNN_Random_Search.ipynb,normalise_config,8,7,0.7778,2,## 3. Keras Utilities,configuration/paths; feature preparation; model definition; training; evaluation; outputs/saving; function definitions,162,10,2,6,False
D:\Benjamin Data\Introduction to AI\Intro-to-AI\Training\Model Variants\Neural Networks\CNN\CNN_Random_Search.ipynb,Training/Model Variants/Neural Networks/CNN/CNN_Random_Search.ipynb,seed_from_config,8,7,0.7778,27,## 3. Keras Utilities,configuration/paths; feature preparation; model definition; training; evaluation; outputs/saving; function definitions,162,10,2,1,False
D:\Benjamin Data\Introduction to AI\Intro-to-AI\Training\Model Variants\Neural Networks\CNN\CNN_Random_Search.ipynb,Training/Model Variants/Neural Networks/CNN/CNN_Random_Search.ipynb,select_best,8,7,0.7778,160,## 3. Keras Utilities,configuration/paths; feature preparation; model definition; training; evaluation; outputs/saving; function definitions,162,10,2,1,False
D:\Benjamin Data\Introduction to AI\Intro-to-AI\Training\Model Variants\Neural Networks\CNN\CNN_Random_Search.ipynb,Training/Model Variants/Neural Networks/CNN/CNN_Random_Search.ipynb,set_global_seed,8,7,0.7778,32,## 3. Keras Utilities,configuration/paths; feature preparation; model definition; training; evaluation; outputs/saving; function definitions,162,,,1,False
D:\Benjamin Data\Introduction to AI\Intro-to-AI\Training\Model Variants\Neural Networks\CNN\CNN_Random_Search.ipynb,Training/Model Variants/Neural Networks/CNN/CNN_Random_Search.ipynb,train_and_evaluate_config,8,7,0.7778,79,## 3. Keras Utilities,configuration/paths; feature preparation; model definition; training; evaluation; outputs/saving; function definitions,162,10,2,1,False
D:\Benjamin Data\Introduction to AI\Intro-to-AI\Training\Model Variants\Neural Networks\CNN\CNN_Random_Search.ipynb,Training/Model Variants/Neural Networks/CNN/CNN_Random_Search.ipynb,enumerate_space,10,9,1.0,35,## 4. Run or Load Random Search,configuration/paths; dataset loading; training; outputs/saving; function definitions,73,,,1,False
D:\Benjamin Data\Introduction to AI\Intro-to-AI\Training\Model Variants\Neural Networks\CNN\CNN_Random_Search.ipynb,Training/Model Variants/Neural Networks/CNN/CNN_Random_Search.ipynb,rebuild_best_json_from_trials,10,9,1.0,7,## 4. Run or Load Random Search,configuration/paths; dataset loading; training; outputs/saving; function definitions,73,,,1,False
D:\Benjamin Data\Introduction to AI\Intro-to-AI\Training\Model Variants\Neural Networks\MLP\MLP_Activation_Trial.ipynb,Training/Model Variants/Neural Networks/MLP/MLP_Activation_Trial.ipynb,ensure_selected_config_from_results,6,5,0.3846,149,## 2. Load Cache and Previous Config,imports/setup; configuration/paths; dataset loading; feature preparation; model definition; training; evaluation; outputs/saving; function definitions,203,,,0,False
D:\Benjamin Data\Introduction to AI\Intro-to-AI\Training\Model Variants\Neural Networks\MLP\MLP_Activation_Trial.ipynb,Training/Model Variants/Neural Networks/MLP/MLP_Activation_Trial.ipynb,first_existing_results_path,6,5,0.3846,108,## 2. Load Cache and Previous Config,imports/setup; configuration/paths; dataset loading; feature preparation; model definition; training; evaluation; outputs/saving; function definitions,203,12,6,1,False
D:\Benjamin Data\Introduction to AI\Intro-to-AI\Training\Model Variants\Neural Networks\MLP\MLP_Activation_Trial.ipynb,Training/Model Variants/Neural Networks/MLP/MLP_Activation_Trial.ipynb,load_class_weights,6,5,0.3846,164,## 2. Load Cache and Previous Config,imports/setup; configuration/paths; dataset loading; feature preparation; model definition; training; evaluation; outputs/saving; function definitions,203,,,1,False
D:\Benjamin Data\Introduction to AI\Intro-to-AI\Training\Model Variants\Neural Networks\MLP\MLP_Activation_Trial.ipynb,Training/Model Variants/Neural Networks/MLP/MLP_Activation_Trial.ipynb,load_json,6,5,0.3846,75,## 2. Load Cache and Previous Config,imports/setup; configuration/paths; dataset loading; feature preparation; model definition; training; evaluation; outputs/saving; function definitions,203,12,6,5,False
D:\Benjamin Data\Introduction to AI\Intro-to-AI\Training\Model Variants\Neural Networks\MLP\MLP_Activation_Trial.ipynb,Training/Model Variants/Neural Networks/MLP/MLP_Activation_Trial.ipynb,normalise_handoff_config,6,5,0.3846,89,## 2. Load Cache and Previous Config,imports/setup; configuration/paths; dataset loading; feature preparation; model definition; training; evaluation; outputs/saving; function definitions,203,,,1,False
D:\Benjamin Data\Introduction to AI\Intro-to-AI\Training\Model Variants\Neural Networks\MLP\MLP_Activation_Trial.ipynb,Training/Model Variants/Neural Networks/MLP/MLP_Activation_Trial.ipynb,rebuild_selected_config_from_results,6,5,0.3846,118,## 2. Load Cache and Previous Config,imports/setup; configuration/paths; dataset loading; feature preparation; model definition; training; evaluation; outputs/saving; function definitions,203,12,6,2,False
D:\Benjamin Data\Introduction to AI\Intro-to-AI\Training\Model Variants\Neural Networks\MLP\MLP_Activation_Trial.ipynb,Training/Model Variants/Neural Networks/MLP/MLP_Activation_Trial.ipynb,require_file,6,5,0.3846,67,## 2. Load Cache and Previous Config,imports/setup; configuration/paths; dataset loading; feature preparation; model definition; training; evaluation; outputs/saving; function definitions,203,,,2,False
D:\Benjamin Data\Introduction to AI\Intro-to-AI\Training\Model Variants\Neural Networks\MLP\MLP_Activation_Trial.ipynb,Training/Model Variants/Neural Networks/MLP/MLP_Activation_Trial.ipynb,resolve_project_root,6,5,0.3846,34,## 2. Load Cache and Previous Config,imports/setup; configuration/paths; dataset loading; feature preparation; model definition; training; evaluation; outputs/saving; function definitions,203,,,1,False
D:\Benjamin Data\Introduction to AI\Intro-to-AI\Training\Model Variants\Neural Networks\MLP\MLP_Activation_Trial.ipynb,Training/Model Variants/Neural Networks/MLP/MLP_Activation_Trial.ipynb,save_json,6,5,0.3846,81,## 2. Load Cache and Previous Config,imports/setup; configuration/paths; dataset loading; feature preparation; model definition; training; evaluation; outputs/saving; function definitions,203,8,2,3,False
D:\Benjamin Data\Introduction to AI\Intro-to-AI\Training\Model Variants\Neural Networks\MLP\MLP_Activation_Trial.ipynb,Training/Model Variants/Neural Networks/MLP/MLP_Activation_Trial.ipynb,build_mlp_model,8,7,0.5385,53,## 3. Keras Utilities,configuration/paths; dataset loading; feature preparation; model definition; training; evaluation; outputs/saving; function definitions,181,,,1,False
D:\Benjamin Data\Introduction to AI\Intro-to-AI\Training\Model Variants\Neural Networks\MLP\MLP_Activation_Trial.ipynb,Training/Model Variants/Neural Networks/MLP/MLP_Activation_Trial.ipynb,config_json,8,7,0.5385,16,## 3. Keras Utilities,configuration/paths; dataset loading; feature preparation; model definition; training; evaluation; outputs/saving; function definitions,181,,,3,False
D:\Benjamin Data\Introduction to AI\Intro-to-AI\Training\Model Variants\Neural Networks\MLP\MLP_Activation_Trial.ipynb,Training/Model Variants/Neural Networks/MLP/MLP_Activation_Trial.ipynb,config_key,8,7,0.5385,21,## 3. Keras Utilities,configuration/paths; dataset loading; feature preparation; model definition; training; evaluation; outputs/saving; function definitions,181,,,1,False
D:\Benjamin Data\Introduction to AI\Intro-to-AI\Training\Model Variants\Neural Networks\MLP\MLP_Activation_Trial.ipynb,Training/Model Variants/Neural Networks/MLP/MLP_Activation_Trial.ipynb,flat_result,8,7,0.5385,118,## 3. Keras Utilities,configuration/paths; dataset loading; feature preparation; model definition; training; evaluation; outputs/saving; function definitions,181,,,1,False
D:\Benjamin Data\Introduction to AI\Intro-to-AI\Training\Model Variants\Neural Networks\MLP\MLP_Activation_Trial.ipynb,Training/Model Variants/Neural Networks/MLP/MLP_Activation_Trial.ipynb,make_optimizer,8,7,0.5385,40,## 3. Keras Utilities,configuration/paths; dataset loading; feature preparation; model definition; training; evaluation; outputs/saving; function definitions,181,,,1,False
D:\Benjamin Data\Introduction to AI\Intro-to-AI\Training\Model Variants\Neural Networks\MLP\MLP_Activation_Trial.ipynb,Training/Model Variants/Neural Networks/MLP/MLP_Activation_Trial.ipynb,normalise_config,8,7,0.5385,2,## 3. Keras Utilities,configuration/paths; dataset loading; feature preparation; model definition; training; evaluation; outputs/saving; function definitions,181,10,2,7,False
D:\Benjamin Data\Introduction to AI\Intro-to-AI\Training\Model Variants\Neural Networks\MLP\MLP_Activation_Trial.ipynb,Training/Model Variants/Neural Networks/MLP/MLP_Activation_Trial.ipynb,run_controlled_trial,8,7,0.5385,153,## 3. Keras Utilities,configuration/paths; dataset loading; feature preparation; model definition; training; evaluation; outputs/saving; function definitions,181,12,4,1,False
D:\Benjamin Data\Introduction to AI\Intro-to-AI\Training\Model Variants\Neural Networks\MLP\MLP_Activation_Trial.ipynb,Training/Model Variants/Neural Networks/MLP/MLP_Activation_Trial.ipynb,seed_from_config,8,7,0.5385,26,## 3. Keras Utilities,configuration/paths; dataset loading; feature preparation; model definition; training; evaluation; outputs/saving; function definitions,181,,,1,False
D:\Benjamin Data\Introduction to AI\Intro-to-AI\Training\Model Variants\Neural Networks\MLP\MLP_Activation_Trial.ipynb,Training/Model Variants/Neural Networks/MLP/MLP_Activation_Trial.ipynb,select_best,8,7,0.5385,148,## 3. Keras Utilities,configuration/paths; dataset loading; feature preparation; model definition; training; evaluation; outputs/saving; function definitions,181,,,1,False
D:\Benjamin Data\Introduction to AI\Intro-to-AI\Training\Model Variants\Neural Networks\MLP\MLP_Activation_Trial.ipynb,Training/Model Variants/Neural Networks/MLP/MLP_Activation_Trial.ipynb,set_global_seed,8,7,0.5385,32,## 3. Keras Utilities,configuration/paths; dataset loading; feature preparation; model definition; training; evaluation; outputs/saving; function definitions,181,,,1,False
D:\Benjamin Data\Introduction to AI\Intro-to-AI\Training\Model Variants\Neural Networks\MLP\MLP_Activation_Trial.ipynb,Training/Model Variants/Neural Networks/MLP/MLP_Activation_Trial.ipynb,train_and_evaluate_config,8,7,0.5385,69,## 3. Keras Utilities,configuration/paths; dataset loading; feature preparation; model definition; training; evaluation; outputs/saving; function definitions,181,,,1,False
D:\Benjamin Data\Introduction to AI\Intro-to-AI\Training\Model Variants\Neural Networks\MLP\MLP_Architecture_Trial.ipynb,Training/Model Variants/Neural Networks/MLP/MLP_Architecture_Trial.ipynb,ensure_selected_config_from_results,6,5,0.3846,149,## 2. Load Cache and Previous Config,imports/setup; configuration/paths; dataset loading; feature preparation; model definition; training; evaluation; outputs/saving; function definitions,205,,,1,False
D:\Benjamin Data\Introduction to AI\Intro-to-AI\Training\Model Variants\Neural Networks\MLP\MLP_Architecture_Trial.ipynb,Training/Model Variants/Neural Networks/MLP/MLP_Architecture_Trial.ipynb,first_existing_results_path,6,5,0.3846,108,## 2. Load Cache and Previous Config,imports/setup; configuration/paths; dataset loading; feature preparation; model definition; training; evaluation; outputs/saving; function definitions,205,12,6,1,False
D:\Benjamin Data\Introduction to AI\Intro-to-AI\Training\Model Variants\Neural Networks\MLP\MLP_Architecture_Trial.ipynb,Training/Model Variants/Neural Networks/MLP/MLP_Architecture_Trial.ipynb,load_class_weights,6,5,0.3846,164,## 2. Load Cache and Previous Config,imports/setup; configuration/paths; dataset loading; feature preparation; model definition; training; evaluation; outputs/saving; function definitions,205,,,1,False
D:\Benjamin Data\Introduction to AI\Intro-to-AI\Training\Model Variants\Neural Networks\MLP\MLP_Architecture_Trial.ipynb,Training/Model Variants/Neural Networks/MLP/MLP_Architecture_Trial.ipynb,load_json,6,5,0.3846,75,## 2. Load Cache and Previous Config,imports/setup; configuration/paths; dataset loading; feature preparation; model definition; training; evaluation; outputs/saving; function definitions,205,12,6,5,False
D:\Benjamin Data\Introduction to AI\Intro-to-AI\Training\Model Variants\Neural Networks\MLP\MLP_Architecture_Trial.ipynb,Training/Model Variants/Neural Networks/MLP/MLP_Architecture_Trial.ipynb,normalise_handoff_config,6,5,0.3846,89,## 2. Load Cache and Previous Config,imports/setup; configuration/paths; dataset loading; feature preparation; model definition; training; evaluation; outputs/saving; function definitions,205,,,1,False
D:\Benjamin Data\Introduction to AI\Intro-to-AI\Training\Model Variants\Neural Networks\MLP\MLP_Architecture_Trial.ipynb,Training/Model Variants/Neural Networks/MLP/MLP_Architecture_Trial.ipynb,rebuild_selected_config_from_results,6,5,0.3846,118,## 2. Load Cache and Previous Config,imports/setup; configuration/paths; dataset loading; feature preparation; model definition; training; evaluation; outputs/saving; function definitions,205,12,6,2,False
D:\Benjamin Data\Introduction to AI\Intro-to-AI\Training\Model Variants\Neural Networks\MLP\MLP_Architecture_Trial.ipynb,Training/Model Variants/Neural Networks/MLP/MLP_Architecture_Trial.ipynb,require_file,6,5,0.3846,67,## 2. Load Cache and Previous Config,imports/setup; configuration/paths; dataset loading; feature preparation; model definition; training; evaluation; outputs/saving; function definitions,205,,,2,False
D:\Benjamin Data\Introduction to AI\Intro-to-AI\Training\Model Variants\Neural Networks\MLP\MLP_Architecture_Trial.ipynb,Training/Model Variants/Neural Networks/MLP/MLP_Architecture_Trial.ipynb,resolve_project_root,6,5,0.3846,34,## 2. Load Cache and Previous Config,imports/setup; configuration/paths; dataset loading; feature preparation; model definition; training; evaluation; outputs/saving; function definitions,205,,,1,False
D:\Benjamin Data\Introduction to AI\Intro-to-AI\Training\Model Variants\Neural Networks\MLP\MLP_Architecture_Trial.ipynb,Training/Model Variants/Neural Networks/MLP/MLP_Architecture_Trial.ipynb,save_json,6,5,0.3846,81,## 2. Load Cache and Previous Config,imports/setup; configuration/paths; dataset loading; feature preparation; model definition; training; evaluation; outputs/saving; function definitions,205,8,2,3,False
D:\Benjamin Data\Introduction to AI\Intro-to-AI\Training\Model Variants\Neural Networks\MLP\MLP_Architecture_Trial.ipynb,Training/Model Variants/Neural Networks/MLP/MLP_Architecture_Trial.ipynb,build_mlp_model,8,7,0.5385,53,## 3. Keras Utilities,configuration/paths; dataset loading; feature preparation; model definition; training; evaluation; outputs/saving; function definitions,181,,,1,False
D:\Benjamin Data\Introduction to AI\Intro-to-AI\Training\Model Variants\Neural Networks\MLP\MLP_Architecture_Trial.ipynb,Training/Model Variants/Neural Networks/MLP/MLP_Architecture_Trial.ipynb,config_json,8,7,0.5385,16,## 3. Keras Utilities,configuration/paths; dataset loading; feature preparation; model definition; training; evaluation; outputs/saving; function definitions,181,,,3,False
D:\Benjamin Data\Introduction to AI\Intro-to-AI\Training\Model Variants\Neural Networks\MLP\MLP_Architecture_Trial.ipynb,Training/Model Variants/Neural Networks/MLP/MLP_Architecture_Trial.ipynb,config_key,8,7,0.5385,21,## 3. Keras Utilities,configuration/paths; dataset loading; feature preparation; model definition; training; evaluation; outputs/saving; function definitions,181,,,1,False
D:\Benjamin Data\Introduction to AI\Intro-to-AI\Training\Model Variants\Neural Networks\MLP\MLP_Architecture_Trial.ipynb,Training/Model Variants/Neural Networks/MLP/MLP_Architecture_Trial.ipynb,flat_result,8,7,0.5385,118,## 3. Keras Utilities,configuration/paths; dataset loading; feature preparation; model definition; training; evaluation; outputs/saving; function definitions,181,,,1,False
D:\Benjamin Data\Introduction to AI\Intro-to-AI\Training\Model Variants\Neural Networks\MLP\MLP_Architecture_Trial.ipynb,Training/Model Variants/Neural Networks/MLP/MLP_Architecture_Trial.ipynb,make_optimizer,8,7,0.5385,40,## 3. Keras Utilities,configuration/paths; dataset loading; feature preparation; model definition; training; evaluation; outputs/saving; function definitions,181,,,1,False
D:\Benjamin Data\Introduction to AI\Intro-to-AI\Training\Model Variants\Neural Networks\MLP\MLP_Architecture_Trial.ipynb,Training/Model Variants/Neural Networks/MLP/MLP_Architecture_Trial.ipynb,normalise_config,8,7,0.5385,2,## 3. Keras Utilities,configuration/paths; dataset loading; feature preparation; model definition; training; evaluation; outputs/saving; function definitions,181,10,2,7,False
D:\Benjamin Data\Introduction to AI\Intro-to-AI\Training\Model Variants\Neural Networks\MLP\MLP_Architecture_Trial.ipynb,Training/Model Variants/Neural Networks/MLP/MLP_Architecture_Trial.ipynb,run_controlled_trial,8,7,0.5385,153,## 3. Keras Utilities,configuration/paths; dataset loading; feature preparation; model definition; training; evaluation; outputs/saving; function definitions,181,12,4,1,False
D:\Benjamin Data\Introduction to AI\Intro-to-AI\Training\Model Variants\Neural Networks\MLP\MLP_Architecture_Trial.ipynb,Training/Model Variants/Neural Networks/MLP/MLP_Architecture_Trial.ipynb,seed_from_config,8,7,0.5385,26,## 3. Keras Utilities,configuration/paths; dataset loading; feature preparation; model definition; training; evaluation; outputs/saving; function definitions,181,,,1,False
D:\Benjamin Data\Introduction to AI\Intro-to-AI\Training\Model Variants\Neural Networks\MLP\MLP_Architecture_Trial.ipynb,Training/Model Variants/Neural Networks/MLP/MLP_Architecture_Trial.ipynb,select_best,8,7,0.5385,148,## 3. Keras Utilities,configuration/paths; dataset loading; feature preparation; model definition; training; evaluation; outputs/saving; function definitions,181,,,1,False
D:\Benjamin Data\Introduction to AI\Intro-to-AI\Training\Model Variants\Neural Networks\MLP\MLP_Architecture_Trial.ipynb,Training/Model Variants/Neural Networks/MLP/MLP_Architecture_Trial.ipynb,set_global_seed,8,7,0.5385,32,## 3. Keras Utilities,configuration/paths; dataset loading; feature preparation; model definition; training; evaluation; outputs/saving; function definitions,181,,,1,False
D:\Benjamin Data\Introduction to AI\Intro-to-AI\Training\Model Variants\Neural Networks\MLP\MLP_Architecture_Trial.ipynb,Training/Model Variants/Neural Networks/MLP/MLP_Architecture_Trial.ipynb,train_and_evaluate_config,8,7,0.5385,69,## 3. Keras Utilities,configuration/paths; dataset loading; feature preparation; model definition; training; evaluation; outputs/saving; function definitions,181,,,1,False
D:\Benjamin Data\Introduction to AI\Intro-to-AI\Training\Model Variants\Neural Networks\MLP\MLP_Baseline.ipynb,Training/Model Variants/Neural Networks/MLP/MLP_Baseline.ipynb,load_class_weights,6,5,0.4545,87,## 2. Load MLP Cache,imports/setup; configuration/paths; dataset loading; feature preparation; model definition; training; evaluation; outputs/saving; function definitions,123,,,1,False
D:\Benjamin Data\Introduction to AI\Intro-to-AI\Training\Model Variants\Neural Networks\MLP\MLP_Baseline.ipynb,Training/Model Variants/Neural Networks/MLP/MLP_Baseline.ipynb,load_json,6,5,0.4545,75,## 2. Load MLP Cache,imports/setup; configuration/paths; dataset loading; feature preparation; model definition; training; evaluation; outputs/saving; function definitions,123,,,2,False
D:\Benjamin Data\Introduction to AI\Intro-to-AI\Training\Model Variants\Neural Networks\MLP\MLP_Baseline.ipynb,Training/Model Variants/Neural Networks/MLP/MLP_Baseline.ipynb,require_file,6,5,0.4545,67,## 2. Load MLP Cache,imports/setup; configuration/paths; dataset loading; feature preparation; model definition; training; evaluation; outputs/saving; function definitions,123,,,2,False
D:\Benjamin Data\Introduction to AI\Intro-to-AI\Training\Model Variants\Neural Networks\MLP\MLP_Baseline.ipynb,Training/Model Variants/Neural Networks/MLP/MLP_Baseline.ipynb,resolve_project_root,6,5,0.4545,34,## 2. Load MLP Cache,imports/setup; configuration/paths; dataset loading; feature preparation; model definition; training; evaluation; outputs/saving; function definitions,123,,,1,False
D:\Benjamin Data\Introduction to AI\Intro-to-AI\Training\Model Variants\Neural Networks\MLP\MLP_Baseline.ipynb,Training/Model Variants/Neural Networks/MLP/MLP_Baseline.ipynb,save_json,6,5,0.4545,81,## 2. Load MLP Cache,imports/setup; configuration/paths; dataset loading; feature preparation; model definition; training; evaluation; outputs/saving; function definitions,123,10,4,3,False
D:\Benjamin Data\Introduction to AI\Intro-to-AI\Training\Model Variants\Neural Networks\MLP\MLP_Baseline.ipynb,Training/Model Variants/Neural Networks/MLP/MLP_Baseline.ipynb,build_mlp_model,8,7,0.6364,53,## 3. Keras Utilities,configuration/paths; feature preparation; model definition; training; evaluation; outputs/saving; function definitions,151,,,1,False
D:\Benjamin Data\Introduction to AI\Intro-to-AI\Training\Model Variants\Neural Networks\MLP\MLP_Baseline.ipynb,Training/Model Variants/Neural Networks/MLP/MLP_Baseline.ipynb,config_json,8,7,0.6364,16,## 3. Keras Utilities,configuration/paths; feature preparation; model definition; training; evaluation; outputs/saving; function definitions,151,,,3,False
D:\Benjamin Data\Introduction to AI\Intro-to-AI\Training\Model Variants\Neural Networks\MLP\MLP_Baseline.ipynb,Training/Model Variants/Neural Networks/MLP/MLP_Baseline.ipynb,config_key,8,7,0.6364,21,## 3. Keras Utilities,configuration/paths; feature preparation; model definition; training; evaluation; outputs/saving; function definitions,151,,,1,False
D:\Benjamin Data\Introduction to AI\Intro-to-AI\Training\Model Variants\Neural Networks\MLP\MLP_Baseline.ipynb,Training/Model Variants/Neural Networks/MLP/MLP_Baseline.ipynb,flat_result,8,7,0.6364,118,## 3. Keras Utilities,configuration/paths; feature preparation; model definition; training; evaluation; outputs/saving; function definitions,151,10,2,2,False
D:\Benjamin Data\Introduction to AI\Intro-to-AI\Training\Model Variants\Neural Networks\MLP\MLP_Baseline.ipynb,Training/Model Variants/Neural Networks/MLP/MLP_Baseline.ipynb,make_optimizer,8,7,0.6364,40,## 3. Keras Utilities,configuration/paths; feature preparation; model definition; training; evaluation; outputs/saving; function definitions,151,,,1,False
D:\Benjamin Data\Introduction to AI\Intro-to-AI\Training\Model Variants\Neural Networks\MLP\MLP_Baseline.ipynb,Training/Model Variants/Neural Networks/MLP/MLP_Baseline.ipynb,normalise_config,8,7,0.6364,2,## 3. Keras Utilities,configuration/paths; feature preparation; model definition; training; evaluation; outputs/saving; function definitions,151,10,2,5,False
D:\Benjamin Data\Introduction to AI\Intro-to-AI\Training\Model Variants\Neural Networks\MLP\MLP_Baseline.ipynb,Training/Model Variants/Neural Networks/MLP/MLP_Baseline.ipynb,seed_from_config,8,7,0.6364,26,## 3. Keras Utilities,configuration/paths; feature preparation; model definition; training; evaluation; outputs/saving; function definitions,151,,,0,False
D:\Benjamin Data\Introduction to AI\Intro-to-AI\Training\Model Variants\Neural Networks\MLP\MLP_Baseline.ipynb,Training/Model Variants/Neural Networks/MLP/MLP_Baseline.ipynb,select_best,8,7,0.6364,148,## 3. Keras Utilities,configuration/paths; feature preparation; model definition; training; evaluation; outputs/saving; function definitions,151,,,0,False
D:\Benjamin Data\Introduction to AI\Intro-to-AI\Training\Model Variants\Neural Networks\MLP\MLP_Baseline.ipynb,Training/Model Variants/Neural Networks/MLP/MLP_Baseline.ipynb,set_global_seed,8,7,0.6364,32,## 3. Keras Utilities,configuration/paths; feature preparation; model definition; training; evaluation; outputs/saving; function definitions,151,,,1,False
D:\Benjamin Data\Introduction to AI\Intro-to-AI\Training\Model Variants\Neural Networks\MLP\MLP_Baseline.ipynb,Training/Model Variants/Neural Networks/MLP/MLP_Baseline.ipynb,train_and_evaluate_config,8,7,0.6364,69,## 3. Keras Utilities,configuration/paths; feature preparation; model definition; training; evaluation; outputs/saving; function definitions,151,10,2,1,False
D:\Benjamin Data\Introduction to AI\Intro-to-AI\Training\Model Variants\Neural Networks\MLP\MLP_Controlled_Trial_Comparison.ipynb,Training/Model Variants/Neural Networks/MLP/MLP_Controlled_Trial_Comparison.ipynb,ensure_selected_config_from_results,4,3,0.4286,107,## 1. Imports and Paths,imports/setup; configuration/paths; dataset loading; training; evaluation; outputs/saving; function definitions,119,6,2,1,False
D:\Benjamin Data\Introduction to AI\Intro-to-AI\Training\Model Variants\Neural Networks\MLP\MLP_Controlled_Trial_Comparison.ipynb,Training/Model Variants/Neural Networks/MLP/MLP_Controlled_Trial_Comparison.ipynb,first_existing_results_path,4,3,0.4286,66,## 1. Imports and Paths,imports/setup; configuration/paths; dataset loading; training; evaluation; outputs/saving; function definitions,119,6,2,1,False
D:\Benjamin Data\Introduction to AI\Intro-to-AI\Training\Model Variants\Neural Networks\MLP\MLP_Controlled_Trial_Comparison.ipynb,Training/Model Variants/Neural Networks/MLP/MLP_Controlled_Trial_Comparison.ipynb,load_json,4,3,0.4286,37,## 1. Imports and Paths,imports/setup; configuration/paths; dataset loading; training; evaluation; outputs/saving; function definitions,119,6,2,5,False
D:\Benjamin Data\Introduction to AI\Intro-to-AI\Training\Model Variants\Neural Networks\MLP\MLP_Controlled_Trial_Comparison.ipynb,Training/Model Variants/Neural Networks/MLP/MLP_Controlled_Trial_Comparison.ipynb,normalise_handoff_config,4,3,0.4286,47,## 1. Imports and Paths,imports/setup; configuration/paths; dataset loading; training; evaluation; outputs/saving; function definitions,119,,,1,False
D:\Benjamin Data\Introduction to AI\Intro-to-AI\Training\Model Variants\Neural Networks\MLP\MLP_Controlled_Trial_Comparison.ipynb,Training/Model Variants/Neural Networks/MLP/MLP_Controlled_Trial_Comparison.ipynb,rebuild_selected_config_from_results,4,3,0.4286,76,## 1. Imports and Paths,imports/setup; configuration/paths; dataset loading; training; evaluation; outputs/saving; function definitions,119,,,1,False
D:\Benjamin Data\Introduction to AI\Intro-to-AI\Training\Model Variants\Neural Networks\MLP\MLP_Controlled_Trial_Comparison.ipynb,Training/Model Variants/Neural Networks/MLP/MLP_Controlled_Trial_Comparison.ipynb,resolve_project_root,4,3,0.4286,12,## 1. Imports and Paths,imports/setup; configuration/paths; dataset loading; training; evaluation; outputs/saving; function definitions,119,,,1,False
D:\Benjamin Data\Introduction to AI\Intro-to-AI\Training\Model Variants\Neural Networks\MLP\MLP_Controlled_Trial_Comparison.ipynb,Training/Model Variants/Neural Networks/MLP/MLP_Controlled_Trial_Comparison.ipynb,save_json,4,3,0.4286,42,## 1. Imports and Paths,imports/setup; configuration/paths; dataset loading; training; evaluation; outputs/saving; function definitions,119,6,2,3,False
D:\Benjamin Data\Introduction to AI\Intro-to-AI\Training\Model Variants\Neural Networks\MLP\MLP_Controlled_Trial_Comparison.ipynb,Training/Model Variants/Neural Networks/MLP/MLP_Controlled_Trial_Comparison.ipynb,domain_size,6,5,0.7143,39,## 2. Load Results and Build Search Space,dataset loading; evaluation; outputs/saving; function definitions,130,,,1,False
D:\Benjamin Data\Introduction to AI\Intro-to-AI\Training\Model Variants\Neural Networks\MLP\MLP_Controlled_Trial_Comparison.ipynb,Training/Model Variants/Neural Networks/MLP/MLP_Controlled_Trial_Comparison.ipynb,parse_hidden_units,6,5,0.7143,18,## 2. Load Results and Build Search Space,dataset loading; evaluation; outputs/saving; function definitions,130,,,1,False
D:\Benjamin Data\Introduction to AI\Intro-to-AI\Training\Model Variants\Neural Networks\MLP\MLP_Controlled_Trial_Comparison.ipynb,Training/Model Variants/Neural Networks/MLP/MLP_Controlled_Trial_Comparison.ipynb,top_values,6,5,0.7143,25,## 2. Load Results and Build Search Space,dataset loading; evaluation; outputs/saving; function definitions,130,,,5,False
D:\Benjamin Data\Introduction to AI\Intro-to-AI\Training\Model Variants\Neural Networks\MLP\MLP_Dropout_Regularisation_Trial.ipynb,Training/Model Variants/Neural Networks/MLP/MLP_Dropout_Regularisation_Trial.ipynb,ensure_selected_config_from_results,6,5,0.3846,149,## 2. Load Cache and Previous Config,imports/setup; configuration/paths; dataset loading; feature preparation; model definition; training; evaluation; outputs/saving; function definitions,205,,,1,False
D:\Benjamin Data\Introduction to AI\Intro-to-AI\Training\Model Variants\Neural Networks\MLP\MLP_Dropout_Regularisation_Trial.ipynb,Training/Model Variants/Neural Networks/MLP/MLP_Dropout_Regularisation_Trial.ipynb,first_existing_results_path,6,5,0.3846,108,## 2. Load Cache and Previous Config,imports/setup; configuration/paths; dataset loading; feature preparation; model definition; training; evaluation; outputs/saving; function definitions,205,12,6,1,False
D:\Benjamin Data\Introduction to AI\Intro-to-AI\Training\Model Variants\Neural Networks\MLP\MLP_Dropout_Regularisation_Trial.ipynb,Training/Model Variants/Neural Networks/MLP/MLP_Dropout_Regularisation_Trial.ipynb,load_class_weights,6,5,0.3846,164,## 2. Load Cache and Previous Config,imports/setup; configuration/paths; dataset loading; feature preparation; model definition; training; evaluation; outputs/saving; function definitions,205,,,1,False
D:\Benjamin Data\Introduction to AI\Intro-to-AI\Training\Model Variants\Neural Networks\MLP\MLP_Dropout_Regularisation_Trial.ipynb,Training/Model Variants/Neural Networks/MLP/MLP_Dropout_Regularisation_Trial.ipynb,load_json,6,5,0.3846,75,## 2. Load Cache and Previous Config,imports/setup; configuration/paths; dataset loading; feature preparation; model definition; training; evaluation; outputs/saving; function definitions,205,12,6,5,False
D:\Benjamin Data\Introduction to AI\Intro-to-AI\Training\Model Variants\Neural Networks\MLP\MLP_Dropout_Regularisation_Trial.ipynb,Training/Model Variants/Neural Networks/MLP/MLP_Dropout_Regularisation_Trial.ipynb,normalise_handoff_config,6,5,0.3846,89,## 2. Load Cache and Previous Config,imports/setup; configuration/paths; dataset loading; feature preparation; model definition; training; evaluation; outputs/saving; function definitions,205,,,1,False
D:\Benjamin Data\Introduction to AI\Intro-to-AI\Training\Model Variants\Neural Networks\MLP\MLP_Dropout_Regularisation_Trial.ipynb,Training/Model Variants/Neural Networks/MLP/MLP_Dropout_Regularisation_Trial.ipynb,rebuild_selected_config_from_results,6,5,0.3846,118,## 2. Load Cache and Previous Config,imports/setup; configuration/paths; dataset loading; feature preparation; model definition; training; evaluation; outputs/saving; function definitions,205,12,6,2,False
D:\Benjamin Data\Introduction to AI\Intro-to-AI\Training\Model Variants\Neural Networks\MLP\MLP_Dropout_Regularisation_Trial.ipynb,Training/Model Variants/Neural Networks/MLP/MLP_Dropout_Regularisation_Trial.ipynb,require_file,6,5,0.3846,67,## 2. Load Cache and Previous Config,imports/setup; configuration/paths; dataset loading; feature preparation; model definition; training; evaluation; outputs/saving; function definitions,205,,,2,False
D:\Benjamin Data\Introduction to AI\Intro-to-AI\Training\Model Variants\Neural Networks\MLP\MLP_Dropout_Regularisation_Trial.ipynb,Training/Model Variants/Neural Networks/MLP/MLP_Dropout_Regularisation_Trial.ipynb,resolve_project_root,6,5,0.3846,34,## 2. Load Cache and Previous Config,imports/setup; configuration/paths; dataset loading; feature preparation; model definition; training; evaluation; outputs/saving; function definitions,205,,,1,False
D:\Benjamin Data\Introduction to AI\Intro-to-AI\Training\Model Variants\Neural Networks\MLP\MLP_Dropout_Regularisation_Trial.ipynb,Training/Model Variants/Neural Networks/MLP/MLP_Dropout_Regularisation_Trial.ipynb,save_json,6,5,0.3846,81,## 2. Load Cache and Previous Config,imports/setup; configuration/paths; dataset loading; feature preparation; model definition; training; evaluation; outputs/saving; function definitions,205,8,2,3,False
D:\Benjamin Data\Introduction to AI\Intro-to-AI\Training\Model Variants\Neural Networks\MLP\MLP_Dropout_Regularisation_Trial.ipynb,Training/Model Variants/Neural Networks/MLP/MLP_Dropout_Regularisation_Trial.ipynb,build_mlp_model,8,7,0.5385,53,## 3. Keras Utilities,configuration/paths; dataset loading; feature preparation; model definition; training; evaluation; outputs/saving; function definitions,181,,,1,False
D:\Benjamin Data\Introduction to AI\Intro-to-AI\Training\Model Variants\Neural Networks\MLP\MLP_Dropout_Regularisation_Trial.ipynb,Training/Model Variants/Neural Networks/MLP/MLP_Dropout_Regularisation_Trial.ipynb,config_json,8,7,0.5385,16,## 3. Keras Utilities,configuration/paths; dataset loading; feature preparation; model definition; training; evaluation; outputs/saving; function definitions,181,,,3,False
D:\Benjamin Data\Introduction to AI\Intro-to-AI\Training\Model Variants\Neural Networks\MLP\MLP_Dropout_Regularisation_Trial.ipynb,Training/Model Variants/Neural Networks/MLP/MLP_Dropout_Regularisation_Trial.ipynb,config_key,8,7,0.5385,21,## 3. Keras Utilities,configuration/paths; dataset loading; feature preparation; model definition; training; evaluation; outputs/saving; function definitions,181,,,1,False
D:\Benjamin Data\Introduction to AI\Intro-to-AI\Training\Model Variants\Neural Networks\MLP\MLP_Dropout_Regularisation_Trial.ipynb,Training/Model Variants/Neural Networks/MLP/MLP_Dropout_Regularisation_Trial.ipynb,flat_result,8,7,0.5385,118,## 3. Keras Utilities,configuration/paths; dataset loading; feature preparation; model definition; training; evaluation; outputs/saving; function definitions,181,,,1,False
D:\Benjamin Data\Introduction to AI\Intro-to-AI\Training\Model Variants\Neural Networks\MLP\MLP_Dropout_Regularisation_Trial.ipynb,Training/Model Variants/Neural Networks/MLP/MLP_Dropout_Regularisation_Trial.ipynb,make_optimizer,8,7,0.5385,40,## 3. Keras Utilities,configuration/paths; dataset loading; feature preparation; model definition; training; evaluation; outputs/saving; function definitions,181,,,1,False
D:\Benjamin Data\Introduction to AI\Intro-to-AI\Training\Model Variants\Neural Networks\MLP\MLP_Dropout_Regularisation_Trial.ipynb,Training/Model Variants/Neural Networks/MLP/MLP_Dropout_Regularisation_Trial.ipynb,normalise_config,8,7,0.5385,2,## 3. Keras Utilities,configuration/paths; dataset loading; feature preparation; model definition; training; evaluation; outputs/saving; function definitions,181,10,2,7,False
D:\Benjamin Data\Introduction to AI\Intro-to-AI\Training\Model Variants\Neural Networks\MLP\MLP_Dropout_Regularisation_Trial.ipynb,Training/Model Variants/Neural Networks/MLP/MLP_Dropout_Regularisation_Trial.ipynb,run_controlled_trial,8,7,0.5385,153,## 3. Keras Utilities,configuration/paths; dataset loading; feature preparation; model definition; training; evaluation; outputs/saving; function definitions,181,12,4,1,False
D:\Benjamin Data\Introduction to AI\Intro-to-AI\Training\Model Variants\Neural Networks\MLP\MLP_Dropout_Regularisation_Trial.ipynb,Training/Model Variants/Neural Networks/MLP/MLP_Dropout_Regularisation_Trial.ipynb,seed_from_config,8,7,0.5385,26,## 3. Keras Utilities,configuration/paths; dataset loading; feature preparation; model definition; training; evaluation; outputs/saving; function definitions,181,,,1,False
D:\Benjamin Data\Introduction to AI\Intro-to-AI\Training\Model Variants\Neural Networks\MLP\MLP_Dropout_Regularisation_Trial.ipynb,Training/Model Variants/Neural Networks/MLP/MLP_Dropout_Regularisation_Trial.ipynb,select_best,8,7,0.5385,148,## 3. Keras Utilities,configuration/paths; dataset loading; feature preparation; model definition; training; evaluation; outputs/saving; function definitions,181,,,1,False
D:\Benjamin Data\Introduction to AI\Intro-to-AI\Training\Model Variants\Neural Networks\MLP\MLP_Dropout_Regularisation_Trial.ipynb,Training/Model Variants/Neural Networks/MLP/MLP_Dropout_Regularisation_Trial.ipynb,set_global_seed,8,7,0.5385,32,## 3. Keras Utilities,configuration/paths; dataset loading; feature preparation; model definition; training; evaluation; outputs/saving; function definitions,181,,,1,False
D:\Benjamin Data\Introduction to AI\Intro-to-AI\Training\Model Variants\Neural Networks\MLP\MLP_Dropout_Regularisation_Trial.ipynb,Training/Model Variants/Neural Networks/MLP/MLP_Dropout_Regularisation_Trial.ipynb,train_and_evaluate_config,8,7,0.5385,69,## 3. Keras Utilities,configuration/paths; dataset loading; feature preparation; model definition; training; evaluation; outputs/saving; function definitions,181,,,1,False
D:\Benjamin Data\Introduction to AI\Intro-to-AI\Training\Model Variants\Neural Networks\MLP\MLP_Final_Selected_Model.ipynb,Training/Model Variants/Neural Networks/MLP/MLP_Final_Selected_Model.ipynb,load_class_weights,6,5,0.4545,87,## 2. Load Selected Hyperparameters and Test Cache,imports/setup; configuration/paths; dataset loading; feature preparation; model definition; training; evaluation; outputs/saving; function definitions,137,,,1,False
D:\Benjamin Data\Introduction to AI\Intro-to-AI\Training\Model Variants\Neural Networks\MLP\MLP_Final_Selected_Model.ipynb,Training/Model Variants/Neural Networks/MLP/MLP_Final_Selected_Model.ipynb,load_json,6,5,0.4545,75,## 2. Load Selected Hyperparameters and Test Cache,imports/setup; configuration/paths; dataset loading; feature preparation; model definition; training; evaluation; outputs/saving; function definitions,137,,,3,False
D:\Benjamin Data\Introduction to AI\Intro-to-AI\Training\Model Variants\Neural Networks\MLP\MLP_Final_Selected_Model.ipynb,Training/Model Variants/Neural Networks/MLP/MLP_Final_Selected_Model.ipynb,require_file,6,5,0.4545,67,## 2. Load Selected Hyperparameters and Test Cache,imports/setup; configuration/paths; dataset loading; feature preparation; model definition; training; evaluation; outputs/saving; function definitions,137,,,2,False
D:\Benjamin Data\Introduction to AI\Intro-to-AI\Training\Model Variants\Neural Networks\MLP\MLP_Final_Selected_Model.ipynb,Training/Model Variants/Neural Networks/MLP/MLP_Final_Selected_Model.ipynb,resolve_project_root,6,5,0.4545,34,## 2. Load Selected Hyperparameters and Test Cache,imports/setup; configuration/paths; dataset loading; feature preparation; model definition; training; evaluation; outputs/saving; function definitions,137,,,1,False
D:\Benjamin Data\Introduction to AI\Intro-to-AI\Training\Model Variants\Neural Networks\MLP\MLP_Final_Selected_Model.ipynb,Training/Model Variants/Neural Networks/MLP/MLP_Final_Selected_Model.ipynb,save_json,6,5,0.4545,81,## 2. Load Selected Hyperparameters and Test Cache,imports/setup; configuration/paths; dataset loading; feature preparation; model definition; training; evaluation; outputs/saving; function definitions,137,10,4,1,False
D:\Benjamin Data\Introduction to AI\Intro-to-AI\Training\Model Variants\Neural Networks\MLP\MLP_Final_Selected_Model.ipynb,Training/Model Variants/Neural Networks/MLP/MLP_Final_Selected_Model.ipynb,build_mlp_model,8,7,0.6364,53,## 3. Keras Utilities,configuration/paths; feature preparation; model definition; training; evaluation; outputs/saving; function definitions,151,10,2,2,False
D:\Benjamin Data\Introduction to AI\Intro-to-AI\Training\Model Variants\Neural Networks\MLP\MLP_Final_Selected_Model.ipynb,Training/Model Variants/Neural Networks/MLP/MLP_Final_Selected_Model.ipynb,config_json,8,7,0.6364,16,## 3. Keras Utilities,configuration/paths; feature preparation; model definition; training; evaluation; outputs/saving; function definitions,151,,,3,False
D:\Benjamin Data\Introduction to AI\Intro-to-AI\Training\Model Variants\Neural Networks\MLP\MLP_Final_Selected_Model.ipynb,Training/Model Variants/Neural Networks/MLP/MLP_Final_Selected_Model.ipynb,config_key,8,7,0.6364,21,## 3. Keras Utilities,configuration/paths; feature preparation; model definition; training; evaluation; outputs/saving; function definitions,151,,,1,False
D:\Benjamin Data\Introduction to AI\Intro-to-AI\Training\Model Variants\Neural Networks\MLP\MLP_Final_Selected_Model.ipynb,Training/Model Variants/Neural Networks/MLP/MLP_Final_Selected_Model.ipynb,flat_result,8,7,0.6364,118,## 3. Keras Utilities,configuration/paths; feature preparation; model definition; training; evaluation; outputs/saving; function definitions,151,,,0,False
D:\Benjamin Data\Introduction to AI\Intro-to-AI\Training\Model Variants\Neural Networks\MLP\MLP_Final_Selected_Model.ipynb,Training/Model Variants/Neural Networks/MLP/MLP_Final_Selected_Model.ipynb,make_optimizer,8,7,0.6364,40,## 3. Keras Utilities,configuration/paths; feature preparation; model definition; training; evaluation; outputs/saving; function definitions,151,,,1,False
D:\Benjamin Data\Introduction to AI\Intro-to-AI\Training\Model Variants\Neural Networks\MLP\MLP_Final_Selected_Model.ipynb,Training/Model Variants/Neural Networks/MLP/MLP_Final_Selected_Model.ipynb,normalise_config,8,7,0.6364,2,## 3. Keras Utilities,configuration/paths; feature preparation; model definition; training; evaluation; outputs/saving; function definitions,151,,,4,False
D:\Benjamin Data\Introduction to AI\Intro-to-AI\Training\Model Variants\Neural Networks\MLP\MLP_Final_Selected_Model.ipynb,Training/Model Variants/Neural Networks/MLP/MLP_Final_Selected_Model.ipynb,seed_from_config,8,7,0.6364,26,## 3. Keras Utilities,configuration/paths; feature preparation; model definition; training; evaluation; outputs/saving; function definitions,151,,,0,False
D:\Benjamin Data\Introduction to AI\Intro-to-AI\Training\Model Variants\Neural Networks\MLP\MLP_Final_Selected_Model.ipynb,Training/Model Variants/Neural Networks/MLP/MLP_Final_Selected_Model.ipynb,select_best,8,7,0.6364,148,## 3. Keras Utilities,configuration/paths; feature preparation; model definition; training; evaluation; outputs/saving; function definitions,151,,,0,False
D:\Benjamin Data\Introduction to AI\Intro-to-AI\Training\Model Variants\Neural Networks\MLP\MLP_Final_Selected_Model.ipynb,Training/Model Variants/Neural Networks/MLP/MLP_Final_Selected_Model.ipynb,set_global_seed,8,7,0.6364,32,## 3. Keras Utilities,configuration/paths; feature preparation; model definition; training; evaluation; outputs/saving; function definitions,151,10,2,2,False
D:\Benjamin Data\Introduction to AI\Intro-to-AI\Training\Model Variants\Neural Networks\MLP\MLP_Final_Selected_Model.ipynb,Training/Model Variants/Neural Networks/MLP/MLP_Final_Selected_Model.ipynb,train_and_evaluate_config,8,7,0.6364,69,## 3. Keras Utilities,configuration/paths; feature preparation; model definition; training; evaluation; outputs/saving; function definitions,151,,,0,False
D:\Benjamin Data\Introduction to AI\Intro-to-AI\Training\Model Variants\Neural Networks\MLP\MLP_Final_Selected_Model.ipynb,Training/Model Variants/Neural Networks/MLP/MLP_Final_Selected_Model.ipynb,subgroup_metrics,10,9,0.8182,7,## 4. Final Held-Out Test Evaluation,configuration/paths; training; evaluation; outputs/saving; function definitions,43,,,2,False
D:\Benjamin Data\Introduction to AI\Intro-to-AI\Training\Model Variants\Neural Networks\MLP\MLP_Genetic_Algorithm.ipynb,Training/Model Variants/Neural Networks/MLP/MLP_Genetic_Algorithm.ipynb,load_class_weights,6,5,0.4545,87,## 2. Load Cache and Search Space,imports/setup; configuration/paths; dataset loading; feature preparation; model definition; training; evaluation; outputs/saving; function definitions,126,,,1,False
D:\Benjamin Data\Introduction to AI\Intro-to-AI\Training\Model Variants\Neural Networks\MLP\MLP_Genetic_Algorithm.ipynb,Training/Model Variants/Neural Networks/MLP/MLP_Genetic_Algorithm.ipynb,load_json,6,5,0.4545,75,## 2. Load Cache and Search Space,imports/setup; configuration/paths; dataset loading; feature preparation; model definition; training; evaluation; outputs/saving; function definitions,126,10,4,4,False
D:\Benjamin Data\Introduction to AI\Intro-to-AI\Training\Model Variants\Neural Networks\MLP\MLP_Genetic_Algorithm.ipynb,Training/Model Variants/Neural Networks/MLP/MLP_Genetic_Algorithm.ipynb,require_file,6,5,0.4545,67,## 2. Load Cache and Search Space,imports/setup; configuration/paths; dataset loading; feature preparation; model definition; training; evaluation; outputs/saving; function definitions,126,,,2,False
D:\Benjamin Data\Introduction to AI\Intro-to-AI\Training\Model Variants\Neural Networks\MLP\MLP_Genetic_Algorithm.ipynb,Training/Model Variants/Neural Networks/MLP/MLP_Genetic_Algorithm.ipynb,resolve_project_root,6,5,0.4545,34,## 2. Load Cache and Search Space,imports/setup; configuration/paths; dataset loading; feature preparation; model definition; training; evaluation; outputs/saving; function definitions,126,,,1,False
D:\Benjamin Data\Introduction to AI\Intro-to-AI\Training\Model Variants\Neural Networks\MLP\MLP_Genetic_Algorithm.ipynb,Training/Model Variants/Neural Networks/MLP/MLP_Genetic_Algorithm.ipynb,save_json,6,5,0.4545,81,## 2. Load Cache and Search Space,imports/setup; configuration/paths; dataset loading; feature preparation; model definition; training; evaluation; outputs/saving; function definitions,126,10,4,2,False
D:\Benjamin Data\Introduction to AI\Intro-to-AI\Training\Model Variants\Neural Networks\MLP\MLP_Genetic_Algorithm.ipynb,Training/Model Variants/Neural Networks/MLP/MLP_Genetic_Algorithm.ipynb,build_mlp_model,8,7,0.6364,53,## 3. Keras Utilities,configuration/paths; feature preparation; model definition; training; evaluation; outputs/saving; function definitions,151,,,1,False
D:\Benjamin Data\Introduction to AI\Intro-to-AI\Training\Model Variants\Neural Networks\MLP\MLP_Genetic_Algorithm.ipynb,Training/Model Variants/Neural Networks/MLP/MLP_Genetic_Algorithm.ipynb,config_json,8,7,0.6364,16,## 3. Keras Utilities,configuration/paths; feature preparation; model definition; training; evaluation; outputs/saving; function definitions,151,,,3,False
D:\Benjamin Data\Introduction to AI\Intro-to-AI\Training\Model Variants\Neural Networks\MLP\MLP_Genetic_Algorithm.ipynb,Training/Model Variants/Neural Networks/MLP/MLP_Genetic_Algorithm.ipynb,config_key,8,7,0.6364,21,## 3. Keras Utilities,configuration/paths; feature preparation; model definition; training; evaluation; outputs/saving; function definitions,151,10,2,2,False
D:\Benjamin Data\Introduction to AI\Intro-to-AI\Training\Model Variants\Neural Networks\MLP\MLP_Genetic_Algorithm.ipynb,Training/Model Variants/Neural Networks/MLP/MLP_Genetic_Algorithm.ipynb,flat_result,8,7,0.6364,118,## 3. Keras Utilities,configuration/paths; feature preparation; model definition; training; evaluation; outputs/saving; function definitions,151,10,2,2,False
D:\Benjamin Data\Introduction to AI\Intro-to-AI\Training\Model Variants\Neural Networks\MLP\MLP_Genetic_Algorithm.ipynb,Training/Model Variants/Neural Networks/MLP/MLP_Genetic_Algorithm.ipynb,make_optimizer,8,7,0.6364,40,## 3. Keras Utilities,configuration/paths; feature preparation; model definition; training; evaluation; outputs/saving; function definitions,151,,,1,False
D:\Benjamin Data\Introduction to AI\Intro-to-AI\Training\Model Variants\Neural Networks\MLP\MLP_Genetic_Algorithm.ipynb,Training/Model Variants/Neural Networks/MLP/MLP_Genetic_Algorithm.ipynb,normalise_config,8,7,0.6364,2,## 3. Keras Utilities,configuration/paths; feature preparation; model definition; training; evaluation; outputs/saving; function definitions,151,10,2,10,False
D:\Benjamin Data\Introduction to AI\Intro-to-AI\Training\Model Variants\Neural Networks\MLP\MLP_Genetic_Algorithm.ipynb,Training/Model Variants/Neural Networks/MLP/MLP_Genetic_Algorithm.ipynb,seed_from_config,8,7,0.6364,26,## 3. Keras Utilities,configuration/paths; feature preparation; model definition; training; evaluation; outputs/saving; function definitions,151,10,2,1,False
D:\Benjamin Data\Introduction to AI\Intro-to-AI\Training\Model Variants\Neural Networks\MLP\MLP_Genetic_Algorithm.ipynb,Training/Model Variants/Neural Networks/MLP/MLP_Genetic_Algorithm.ipynb,select_best,8,7,0.6364,148,## 3. Keras Utilities,configuration/paths; feature preparation; model definition; training; evaluation; outputs/saving; function definitions,151,10,2,2,False
D:\Benjamin Data\Introduction to AI\Intro-to-AI\Training\Model Variants\Neural Networks\MLP\MLP_Genetic_Algorithm.ipynb,Training/Model Variants/Neural Networks/MLP/MLP_Genetic_Algorithm.ipynb,set_global_seed,8,7,0.6364,32,## 3. Keras Utilities,configuration/paths; feature preparation; model definition; training; evaluation; outputs/saving; function definitions,151,,,1,False
D:\Benjamin Data\Introduction to AI\Intro-to-AI\Training\Model Variants\Neural Networks\MLP\MLP_Genetic_Algorithm.ipynb,Training/Model Variants/Neural Networks/MLP/MLP_Genetic_Algorithm.ipynb,train_and_evaluate_config,8,7,0.6364,69,## 3. Keras Utilities,configuration/paths; feature preparation; model definition; training; evaluation; outputs/saving; function definitions,151,10,2,1,False
D:\Benjamin Data\Introduction to AI\Intro-to-AI\Training\Model Variants\Neural Networks\MLP\MLP_Genetic_Algorithm.ipynb,Training/Model Variants/Neural Networks/MLP/MLP_Genetic_Algorithm.ipynb,crossover,10,9,0.8182,51,## 4. Run or Load GA,configuration/paths; dataset loading; training; outputs/saving; function definitions,105,,,1,False
D:\Benjamin Data\Introduction to AI\Intro-to-AI\Training\Model Variants\Neural Networks\MLP\MLP_Genetic_Algorithm.ipynb,Training/Model Variants/Neural Networks/MLP/MLP_Genetic_Algorithm.ipynb,mutate,10,9,0.8182,43,## 4. Run or Load GA,configuration/paths; dataset loading; training; outputs/saving; function definitions,105,,,1,False
D:\Benjamin Data\Introduction to AI\Intro-to-AI\Training\Model Variants\Neural Networks\MLP\MLP_Genetic_Algorithm.ipynb,Training/Model Variants/Neural Networks/MLP/MLP_Genetic_Algorithm.ipynb,random_config,10,9,0.8182,40,## 4. Run or Load GA,configuration/paths; dataset loading; training; outputs/saving; function definitions,105,,,1,False
D:\Benjamin Data\Introduction to AI\Intro-to-AI\Training\Model Variants\Neural Networks\MLP\MLP_Genetic_Algorithm.ipynb,Training/Model Variants/Neural Networks/MLP/MLP_Genetic_Algorithm.ipynb,rebuild_best_json_from_trials,10,9,0.8182,11,## 4. Run or Load GA,configuration/paths; dataset loading; training; outputs/saving; function definitions,105,,,1,False
D:\Benjamin Data\Introduction to AI\Intro-to-AI\Training\Model Variants\Neural Networks\MLP\MLP_Genetic_Algorithm.ipynb,Training/Model Variants/Neural Networks/MLP/MLP_Genetic_Algorithm.ipynb,tournament,10,9,0.8182,54,## 4. Run or Load GA,configuration/paths; dataset loading; training; outputs/saving; function definitions,105,,,2,False
D:\Benjamin Data\Introduction to AI\Intro-to-AI\Training\Model Variants\Neural Networks\MLP\MLP_HPO_Comparison.ipynb,Training/Model Variants/Neural Networks/MLP/MLP_HPO_Comparison.ipynb,load_class_weights,6,5,0.3333,87,## 2. Load Cache and Artifacts,imports/setup; configuration/paths; dataset loading; feature preparation; model definition; training; evaluation; outputs/saving; function definitions,125,,,1,False
D:\Benjamin Data\Introduction to AI\Intro-to-AI\Training\Model Variants\Neural Networks\MLP\MLP_HPO_Comparison.ipynb,Training/Model Variants/Neural Networks/MLP/MLP_HPO_Comparison.ipynb,load_json,6,5,0.3333,75,## 2. Load Cache and Artifacts,imports/setup; configuration/paths; dataset loading; feature preparation; model definition; training; evaluation; outputs/saving; function definitions,125,10,4,4,False
D:\Benjamin Data\Introduction to AI\Intro-to-AI\Training\Model Variants\Neural Networks\MLP\MLP_HPO_Comparison.ipynb,Training/Model Variants/Neural Networks/MLP/MLP_HPO_Comparison.ipynb,require_file,6,5,0.3333,67,## 2. Load Cache and Artifacts,imports/setup; configuration/paths; dataset loading; feature preparation; model definition; training; evaluation; outputs/saving; function definitions,125,,,2,False
D:\Benjamin Data\Introduction to AI\Intro-to-AI\Training\Model Variants\Neural Networks\MLP\MLP_HPO_Comparison.ipynb,Training/Model Variants/Neural Networks/MLP/MLP_HPO_Comparison.ipynb,resolve_project_root,6,5,0.3333,34,## 2. Load Cache and Artifacts,imports/setup; configuration/paths; dataset loading; feature preparation; model definition; training; evaluation; outputs/saving; function definitions,125,,,1,False
D:\Benjamin Data\Introduction to AI\Intro-to-AI\Training\Model Variants\Neural Networks\MLP\MLP_HPO_Comparison.ipynb,Training/Model Variants/Neural Networks/MLP/MLP_HPO_Comparison.ipynb,save_json,6,5,0.3333,81,## 2. Load Cache and Artifacts,imports/setup; configuration/paths; dataset loading; feature preparation; model definition; training; evaluation; outputs/saving; function definitions,125,14,8,3,False
D:\Benjamin Data\Introduction to AI\Intro-to-AI\Training\Model Variants\Neural Networks\MLP\MLP_HPO_Comparison.ipynb,Training/Model Variants/Neural Networks/MLP/MLP_HPO_Comparison.ipynb,build_mlp_model,8,7,0.4667,53,## 3. Keras Utilities,configuration/paths; feature preparation; model definition; training; evaluation; outputs/saving; function definitions,151,,,1,False
D:\Benjamin Data\Introduction to AI\Intro-to-AI\Training\Model Variants\Neural Networks\MLP\MLP_HPO_Comparison.ipynb,Training/Model Variants/Neural Networks/MLP/MLP_HPO_Comparison.ipynb,config_json,8,7,0.4667,16,## 3. Keras Utilities,configuration/paths; feature preparation; model definition; training; evaluation; outputs/saving; function definitions,151,,,3,False
D:\Benjamin Data\Introduction to AI\Intro-to-AI\Training\Model Variants\Neural Networks\MLP\MLP_HPO_Comparison.ipynb,Training/Model Variants/Neural Networks/MLP/MLP_HPO_Comparison.ipynb,config_key,8,7,0.4667,21,## 3. Keras Utilities,configuration/paths; feature preparation; model definition; training; evaluation; outputs/saving; function definitions,151,,,1,False
D:\Benjamin Data\Introduction to AI\Intro-to-AI\Training\Model Variants\Neural Networks\MLP\MLP_HPO_Comparison.ipynb,Training/Model Variants/Neural Networks/MLP/MLP_HPO_Comparison.ipynb,flat_result,8,7,0.4667,118,## 3. Keras Utilities,configuration/paths; feature preparation; model definition; training; evaluation; outputs/saving; function definitions,151,14,6,1,False
D:\Benjamin Data\Introduction to AI\Intro-to-AI\Training\Model Variants\Neural Networks\MLP\MLP_HPO_Comparison.ipynb,Training/Model Variants/Neural Networks/MLP/MLP_HPO_Comparison.ipynb,make_optimizer,8,7,0.4667,40,## 3. Keras Utilities,configuration/paths; feature preparation; model definition; training; evaluation; outputs/saving; function definitions,151,,,1,False
D:\Benjamin Data\Introduction to AI\Intro-to-AI\Training\Model Variants\Neural Networks\MLP\MLP_HPO_Comparison.ipynb,Training/Model Variants/Neural Networks/MLP/MLP_HPO_Comparison.ipynb,normalise_config,8,7,0.4667,2,## 3. Keras Utilities,configuration/paths; feature preparation; model definition; training; evaluation; outputs/saving; function definitions,151,14,6,9,False
D:\Benjamin Data\Introduction to AI\Intro-to-AI\Training\Model Variants\Neural Networks\MLP\MLP_HPO_Comparison.ipynb,Training/Model Variants/Neural Networks/MLP/MLP_HPO_Comparison.ipynb,seed_from_config,8,7,0.4667,26,## 3. Keras Utilities,configuration/paths; feature preparation; model definition; training; evaluation; outputs/saving; function definitions,151,,,0,False
D:\Benjamin Data\Introduction to AI\Intro-to-AI\Training\Model Variants\Neural Networks\MLP\MLP_HPO_Comparison.ipynb,Training/Model Variants/Neural Networks/MLP/MLP_HPO_Comparison.ipynb,select_best,8,7,0.4667,148,## 3. Keras Utilities,configuration/paths; feature preparation; model definition; training; evaluation; outputs/saving; function definitions,151,,,0,False
D:\Benjamin Data\Introduction to AI\Intro-to-AI\Training\Model Variants\Neural Networks\MLP\MLP_HPO_Comparison.ipynb,Training/Model Variants/Neural Networks/MLP/MLP_HPO_Comparison.ipynb,set_global_seed,8,7,0.4667,32,## 3. Keras Utilities,configuration/paths; feature preparation; model definition; training; evaluation; outputs/saving; function definitions,151,,,1,False
D:\Benjamin Data\Introduction to AI\Intro-to-AI\Training\Model Variants\Neural Networks\MLP\MLP_HPO_Comparison.ipynb,Training/Model Variants/Neural Networks/MLP/MLP_HPO_Comparison.ipynb,train_and_evaluate_config,8,7,0.4667,69,## 3. Keras Utilities,configuration/paths; feature preparation; model definition; training; evaluation; outputs/saving; function definitions,151,14,6,1,False
D:\Benjamin Data\Introduction to AI\Intro-to-AI\Training\Model Variants\Neural Networks\MLP\MLP_HPO_Comparison.ipynb,Training/Model Variants/Neural Networks/MLP/MLP_HPO_Comparison.ipynb,load_trials,10,9,0.6,5,## 4. Compare HPO Methods,dataset loading; feature preparation; outputs/saving; function definitions,38,,,2,False
D:\Benjamin Data\Introduction to AI\Intro-to-AI\Training\Model Variants\Neural Networks\MLP\MLP_HPO_Comparison.ipynb,Training/Model Variants/Neural Networks/MLP/MLP_HPO_Comparison.ipynb,summarise,10,9,0.6,13,## 4. Compare HPO Methods,dataset loading; feature preparation; outputs/saving; function definitions,38,14,4,6,False
D:\Benjamin Data\Introduction to AI\Intro-to-AI\Training\Model Variants\Neural Networks\MLP\MLP_HPO_Comparison.ipynb,Training/Model Variants/Neural Networks/MLP/MLP_HPO_Comparison.ipynb,rebuild_selected_hyperparameters_from_confirmation,14,13,0.8667,28,## 6. Multi-Seed Confirmation,dataset loading; evaluation; outputs/saving; function definitions,154,,,1,False
D:\Benjamin Data\Introduction to AI\Intro-to-AI\Training\Model Variants\Neural Networks\MLP\MLP_HPO_Comparison.ipynb,Training/Model Variants/Neural Networks/MLP/MLP_HPO_Comparison.ipynb,rebuild_selected_hyperparameters_from_hpo_evidence,14,13,0.8667,61,## 6. Multi-Seed Confirmation,dataset loading; evaluation; outputs/saving; function definitions,154,,,1,False
D:\Benjamin Data\Introduction to AI\Intro-to-AI\Training\Model Variants\Neural Networks\MLP\MLP_HPO_Comparison.ipynb,Training/Model Variants/Neural Networks/MLP/MLP_HPO_Comparison.ipynb,row_config,14,13,0.8667,8,## 6. Multi-Seed Confirmation,dataset loading; evaluation; outputs/saving; function definitions,154,,,5,False
D:\Benjamin Data\Introduction to AI\Intro-to-AI\Training\Model Variants\Neural Networks\MLP\MLP_HPO_Comparison.ipynb,Training/Model Variants/Neural Networks/MLP/MLP_HPO_Comparison.ipynb,selected_payload_from_validation_evidence,14,13,0.8667,13,## 6. Multi-Seed Confirmation,dataset loading; evaluation; outputs/saving; function definitions,154,,,1,False
D:\Benjamin Data\Introduction to AI\Intro-to-AI\Training\Model Variants\Neural Networks\MLP\MLP_LearningRate_BatchSize_Trial.ipynb,Training/Model Variants/Neural Networks/MLP/MLP_LearningRate_BatchSize_Trial.ipynb,ensure_selected_config_from_results,6,5,0.4545,149,## 2. Load Cache and Architecture Config,imports/setup; configuration/paths; dataset loading; feature preparation; model definition; training; evaluation; outputs/saving; function definitions,208,,,1,False
D:\Benjamin Data\Introduction to AI\Intro-to-AI\Training\Model Variants\Neural Networks\MLP\MLP_LearningRate_BatchSize_Trial.ipynb,Training/Model Variants/Neural Networks/MLP/MLP_LearningRate_BatchSize_Trial.ipynb,first_existing_results_path,6,5,0.4545,108,## 2. Load Cache and Architecture Config,imports/setup; configuration/paths; dataset loading; feature preparation; model definition; training; evaluation; outputs/saving; function definitions,208,,,1,False
D:\Benjamin Data\Introduction to AI\Intro-to-AI\Training\Model Variants\Neural Networks\MLP\MLP_LearningRate_BatchSize_Trial.ipynb,Training/Model Variants/Neural Networks/MLP/MLP_LearningRate_BatchSize_Trial.ipynb,load_class_weights,6,5,0.4545,164,## 2. Load Cache and Architecture Config,imports/setup; configuration/paths; dataset loading; feature preparation; model definition; training; evaluation; outputs/saving; function definitions,208,,,1,False
D:\Benjamin Data\Introduction to AI\Intro-to-AI\Training\Model Variants\Neural Networks\MLP\MLP_LearningRate_BatchSize_Trial.ipynb,Training/Model Variants/Neural Networks/MLP/MLP_LearningRate_BatchSize_Trial.ipynb,load_json,6,5,0.4545,75,## 2. Load Cache and Architecture Config,imports/setup; configuration/paths; dataset loading; feature preparation; model definition; training; evaluation; outputs/saving; function definitions,208,10,4,5,False
D:\Benjamin Data\Introduction to AI\Intro-to-AI\Training\Model Variants\Neural Networks\MLP\MLP_LearningRate_BatchSize_Trial.ipynb,Training/Model Variants/Neural Networks/MLP/MLP_LearningRate_BatchSize_Trial.ipynb,normalise_handoff_config,6,5,0.4545,89,## 2. Load Cache and Architecture Config,imports/setup; configuration/paths; dataset loading; feature preparation; model definition; training; evaluation; outputs/saving; function definitions,208,,,1,False
D:\Benjamin Data\Introduction to AI\Intro-to-AI\Training\Model Variants\Neural Networks\MLP\MLP_LearningRate_BatchSize_Trial.ipynb,Training/Model Variants/Neural Networks/MLP/MLP_LearningRate_BatchSize_Trial.ipynb,rebuild_selected_config_from_results,6,5,0.4545,118,## 2. Load Cache and Architecture Config,imports/setup; configuration/paths; dataset loading; feature preparation; model definition; training; evaluation; outputs/saving; function definitions,208,10,4,2,False
D:\Benjamin Data\Introduction to AI\Intro-to-AI\Training\Model Variants\Neural Networks\MLP\MLP_LearningRate_BatchSize_Trial.ipynb,Training/Model Variants/Neural Networks/MLP/MLP_LearningRate_BatchSize_Trial.ipynb,require_file,6,5,0.4545,67,## 2. Load Cache and Architecture Config,imports/setup; configuration/paths; dataset loading; feature preparation; model definition; training; evaluation; outputs/saving; function definitions,208,,,2,False
D:\Benjamin Data\Introduction to AI\Intro-to-AI\Training\Model Variants\Neural Networks\MLP\MLP_LearningRate_BatchSize_Trial.ipynb,Training/Model Variants/Neural Networks/MLP/MLP_LearningRate_BatchSize_Trial.ipynb,resolve_project_root,6,5,0.4545,34,## 2. Load Cache and Architecture Config,imports/setup; configuration/paths; dataset loading; feature preparation; model definition; training; evaluation; outputs/saving; function definitions,208,,,1,False
D:\Benjamin Data\Introduction to AI\Intro-to-AI\Training\Model Variants\Neural Networks\MLP\MLP_LearningRate_BatchSize_Trial.ipynb,Training/Model Variants/Neural Networks/MLP/MLP_LearningRate_BatchSize_Trial.ipynb,save_json,6,5,0.4545,81,## 2. Load Cache and Architecture Config,imports/setup; configuration/paths; dataset loading; feature preparation; model definition; training; evaluation; outputs/saving; function definitions,208,10,4,4,False
D:\Benjamin Data\Introduction to AI\Intro-to-AI\Training\Model Variants\Neural Networks\MLP\MLP_LearningRate_BatchSize_Trial.ipynb,Training/Model Variants/Neural Networks/MLP/MLP_LearningRate_BatchSize_Trial.ipynb,build_mlp_model,8,7,0.6364,53,## 3. Keras Utilities,configuration/paths; feature preparation; model definition; training; evaluation; outputs/saving; function definitions,151,,,1,False
D:\Benjamin Data\Introduction to AI\Intro-to-AI\Training\Model Variants\Neural Networks\MLP\MLP_LearningRate_BatchSize_Trial.ipynb,Training/Model Variants/Neural Networks/MLP/MLP_LearningRate_BatchSize_Trial.ipynb,config_json,8,7,0.6364,16,## 3. Keras Utilities,configuration/paths; feature preparation; model definition; training; evaluation; outputs/saving; function definitions,151,,,3,False
D:\Benjamin Data\Introduction to AI\Intro-to-AI\Training\Model Variants\Neural Networks\MLP\MLP_LearningRate_BatchSize_Trial.ipynb,Training/Model Variants/Neural Networks/MLP/MLP_LearningRate_BatchSize_Trial.ipynb,config_key,8,7,0.6364,21,## 3. Keras Utilities,configuration/paths; feature preparation; model definition; training; evaluation; outputs/saving; function definitions,151,,,1,False
D:\Benjamin Data\Introduction to AI\Intro-to-AI\Training\Model Variants\Neural Networks\MLP\MLP_LearningRate_BatchSize_Trial.ipynb,Training/Model Variants/Neural Networks/MLP/MLP_LearningRate_BatchSize_Trial.ipynb,flat_result,8,7,0.6364,118,## 3. Keras Utilities,configuration/paths; feature preparation; model definition; training; evaluation; outputs/saving; function definitions,151,10,2,2,False
D:\Benjamin Data\Introduction to AI\Intro-to-AI\Training\Model Variants\Neural Networks\MLP\MLP_LearningRate_BatchSize_Trial.ipynb,Training/Model Variants/Neural Networks/MLP/MLP_LearningRate_BatchSize_Trial.ipynb,make_optimizer,8,7,0.6364,40,## 3. Keras Utilities,configuration/paths; feature preparation; model definition; training; evaluation; outputs/saving; function definitions,151,,,1,False
D:\Benjamin Data\Introduction to AI\Intro-to-AI\Training\Model Variants\Neural Networks\MLP\MLP_LearningRate_BatchSize_Trial.ipynb,Training/Model Variants/Neural Networks/MLP/MLP_LearningRate_BatchSize_Trial.ipynb,normalise_config,8,7,0.6364,2,## 3. Keras Utilities,configuration/paths; feature preparation; model definition; training; evaluation; outputs/saving; function definitions,151,10,2,5,False
D:\Benjamin Data\Introduction to AI\Intro-to-AI\Training\Model Variants\Neural Networks\MLP\MLP_LearningRate_BatchSize_Trial.ipynb,Training/Model Variants/Neural Networks/MLP/MLP_LearningRate_BatchSize_Trial.ipynb,seed_from_config,8,7,0.6364,26,## 3. Keras Utilities,configuration/paths; feature preparation; model definition; training; evaluation; outputs/saving; function definitions,151,10,2,2,False
D:\Benjamin Data\Introduction to AI\Intro-to-AI\Training\Model Variants\Neural Networks\MLP\MLP_LearningRate_BatchSize_Trial.ipynb,Training/Model Variants/Neural Networks/MLP/MLP_LearningRate_BatchSize_Trial.ipynb,select_best,8,7,0.6364,148,## 3. Keras Utilities,configuration/paths; feature preparation; model definition; training; evaluation; outputs/saving; function definitions,151,10,2,2,False
D:\Benjamin Data\Introduction to AI\Intro-to-AI\Training\Model Variants\Neural Networks\MLP\MLP_LearningRate_BatchSize_Trial.ipynb,Training/Model Variants/Neural Networks/MLP/MLP_LearningRate_BatchSize_Trial.ipynb,set_global_seed,8,7,0.6364,32,## 3. Keras Utilities,configuration/paths; feature preparation; model definition; training; evaluation; outputs/saving; function definitions,151,,,1,False
D:\Benjamin Data\Introduction to AI\Intro-to-AI\Training\Model Variants\Neural Networks\MLP\MLP_LearningRate_BatchSize_Trial.ipynb,Training/Model Variants/Neural Networks/MLP/MLP_LearningRate_BatchSize_Trial.ipynb,train_and_evaluate_config,8,7,0.6364,69,## 3. Keras Utilities,configuration/paths; feature preparation; model definition; training; evaluation; outputs/saving; function definitions,151,10,2,2,False
D:\Benjamin Data\Introduction to AI\Intro-to-AI\Training\Model Variants\Regression\Logistic_Regression\Log_Regression_Baseline.ipynb,Training/Model Variants/Regression/Logistic_Regression/Log_Regression_Baseline.ipynb,mount_drive_if_colab,14,13,0.2281,4,## 5. Dataset Paths,imports/setup; function definitions,12,,,1,True
D:\Benjamin Data\Introduction to AI\Intro-to-AI\Training\Model Variants\Regression\Logistic_Regression\Log_Regression_Baseline.ipynb,Training/Model Variants/Regression/Logistic_Regression/Log_Regression_Baseline.ipynb,scan_audio_files,19,18,0.3158,4,## 6. Dataset Loading / Audio File Scan,dataset loading; outputs/saving; function definitions,21,21,2,2,True
D:\Benjamin Data\Introduction to AI\Intro-to-AI\Training\Model Variants\Regression\Logistic_Regression\Log_Regression_Baseline.ipynb,Training/Model Variants/Regression/Logistic_Regression/Log_Regression_Baseline.ipynb,aggregate_mfcc,31,30,0.5263,35,## 10. MFCC Feature Extraction,configuration/paths; feature preparation; function definitions,39,40,9,1,True
D:\Benjamin Data\Introduction to AI\Intro-to-AI\Training\Model Variants\Regression\Logistic_Regression\Log_Regression_Baseline.ipynb,Training/Model Variants/Regression/Logistic_Regression/Log_Regression_Baseline.ipynb,extract_mfcc_features,31,30,0.5263,22,## 10. MFCC Feature Extraction,configuration/paths; feature preparation; function definitions,39,40,9,1,True
D:\Benjamin Data\Introduction to AI\Intro-to-AI\Training\Model Variants\Regression\Logistic_Regression\Log_Regression_Baseline.ipynb,Training/Model Variants/Regression/Logistic_Regression/Log_Regression_Baseline.ipynb,load_audio_fixed,31,30,0.5263,5,## 10. MFCC Feature Extraction,configuration/paths; feature preparation; function definitions,39,,,1,True
D:\Benjamin Data\Introduction to AI\Intro-to-AI\Training\Model Variants\Regression\Logistic_Regression\Log_Regression_Baseline.ipynb,Training/Model Variants/Regression/Logistic_Regression/Log_Regression_Baseline.ipynb,build_feature_table,40,39,0.6842,5,## 13. Aggregated MFCC Feature Preparation,dataset loading; feature preparation; training; outputs/saving; function definitions,27,52,12,3,True
D:\Benjamin Data\Introduction to AI\Intro-to-AI\Training\Model Variants\Regression\Logistic_Regression\Log_Regression_C_Trial.ipynb,Training/Model Variants/Regression/Logistic_Regression/Log_Regression_C_Trial.ipynb,mount_drive_if_colab,14,13,0.2955,4,## 5. Dataset Paths,imports/setup; function definitions,12,,,1,False
D:\Benjamin Data\Introduction to AI\Intro-to-AI\Training\Model Variants\Regression\Logistic_Regression\Log_Regression_C_Trial.ipynb,Training/Model Variants/Regression/Logistic_Regression/Log_Regression_C_Trial.ipynb,scan_audio_files,19,18,0.4091,4,## 6. Dataset Loading / Audio File Scan,dataset loading; outputs/saving; function definitions,21,21,2,2,False
D:\Benjamin Data\Introduction to AI\Intro-to-AI\Training\Model Variants\Regression\Logistic_Regression\Log_Regression_C_Trial.ipynb,Training/Model Variants/Regression/Logistic_Regression/Log_Regression_C_Trial.ipynb,aggregate_mfcc,31,30,0.6818,35,## 10. MFCC Feature Extraction,configuration/paths; feature preparation; function definitions,39,40,9,1,False
D:\Benjamin Data\Introduction to AI\Intro-to-AI\Training\Model Variants\Regression\Logistic_Regression\Log_Regression_C_Trial.ipynb,Training/Model Variants/Regression/Logistic_Regression/Log_Regression_C_Trial.ipynb,extract_mfcc_features,31,30,0.6818,22,## 10. MFCC Feature Extraction,configuration/paths; feature preparation; function definitions,39,40,9,1,False
D:\Benjamin Data\Introduction to AI\Intro-to-AI\Training\Model Variants\Regression\Logistic_Regression\Log_Regression_C_Trial.ipynb,Training/Model Variants/Regression/Logistic_Regression/Log_Regression_C_Trial.ipynb,load_audio_fixed,31,30,0.6818,5,## 10. MFCC Feature Extraction,configuration/paths; feature preparation; function definitions,39,,,1,False
D:\Benjamin Data\Introduction to AI\Intro-to-AI\Training\Model Variants\Regression\Logistic_Regression\Log_Regression_C_Trial.ipynb,Training/Model Variants/Regression/Logistic_Regression/Log_Regression_C_Trial.ipynb,build_feature_table,40,39,0.8864,5,## 13. Aggregated MFCC Feature Preparation,dataset loading; feature preparation; training; outputs/saving; function definitions,27,,,2,False
D:\Benjamin Data\Introduction to AI\Intro-to-AI\Training\Model Variants\Regression\Logistic_Regression\Log_Regression_ClassWeight_Trial.ipynb,Training/Model Variants/Regression/Logistic_Regression/Log_Regression_ClassWeight_Trial.ipynb,mount_drive_if_colab,14,13,0.2955,4,## 5. Dataset Paths,imports/setup; function definitions,12,,,1,False
D:\Benjamin Data\Introduction to AI\Intro-to-AI\Training\Model Variants\Regression\Logistic_Regression\Log_Regression_ClassWeight_Trial.ipynb,Training/Model Variants/Regression/Logistic_Regression/Log_Regression_ClassWeight_Trial.ipynb,scan_audio_files,19,18,0.4091,4,## 6. Dataset Loading / Audio File Scan,dataset loading; outputs/saving; function definitions,21,21,2,2,False
D:\Benjamin Data\Introduction to AI\Intro-to-AI\Training\Model Variants\Regression\Logistic_Regression\Log_Regression_ClassWeight_Trial.ipynb,Training/Model Variants/Regression/Logistic_Regression/Log_Regression_ClassWeight_Trial.ipynb,aggregate_mfcc,31,30,0.6818,35,## 10. MFCC Feature Extraction,configuration/paths; feature preparation; function definitions,39,40,9,1,False
D:\Benjamin Data\Introduction to AI\Intro-to-AI\Training\Model Variants\Regression\Logistic_Regression\Log_Regression_ClassWeight_Trial.ipynb,Training/Model Variants/Regression/Logistic_Regression/Log_Regression_ClassWeight_Trial.ipynb,extract_mfcc_features,31,30,0.6818,22,## 10. MFCC Feature Extraction,configuration/paths; feature preparation; function definitions,39,40,9,1,False
D:\Benjamin Data\Introduction to AI\Intro-to-AI\Training\Model Variants\Regression\Logistic_Regression\Log_Regression_ClassWeight_Trial.ipynb,Training/Model Variants/Regression/Logistic_Regression/Log_Regression_ClassWeight_Trial.ipynb,load_audio_fixed,31,30,0.6818,5,## 10. MFCC Feature Extraction,configuration/paths; feature preparation; function definitions,39,,,1,False
D:\Benjamin Data\Introduction to AI\Intro-to-AI\Training\Model Variants\Regression\Logistic_Regression\Log_Regression_ClassWeight_Trial.ipynb,Training/Model Variants/Regression/Logistic_Regression/Log_Regression_ClassWeight_Trial.ipynb,build_feature_table,40,39,0.8864,5,## 13. Aggregated MFCC Feature Preparation,dataset loading; feature preparation; training; outputs/saving; function definitions,27,,,2,False
D:\Benjamin Data\Introduction to AI\Intro-to-AI\Training\Model Variants\Regression\Logistic_Regression\Log_Regression_Final_Selected_Model.ipynb,Training/Model Variants/Regression/Logistic_Regression/Log_Regression_Final_Selected_Model.ipynb,mount_drive_if_colab,14,13,0.2281,4,## 5. Dataset Paths,imports/setup; function definitions,12,,,1,True
D:\Benjamin Data\Introduction to AI\Intro-to-AI\Training\Model Variants\Regression\Logistic_Regression\Log_Regression_Final_Selected_Model.ipynb,Training/Model Variants/Regression/Logistic_Regression/Log_Regression_Final_Selected_Model.ipynb,scan_audio_files,19,18,0.3158,4,## 6. Dataset Loading / Audio File Scan,dataset loading; outputs/saving; function definitions,21,21,2,2,True
D:\Benjamin Data\Introduction to AI\Intro-to-AI\Training\Model Variants\Regression\Logistic_Regression\Log_Regression_Final_Selected_Model.ipynb,Training/Model Variants/Regression/Logistic_Regression/Log_Regression_Final_Selected_Model.ipynb,aggregate_mfcc,31,30,0.5263,35,## 10. MFCC Feature Extraction,configuration/paths; feature preparation; function definitions,39,40,9,1,True
D:\Benjamin Data\Introduction to AI\Intro-to-AI\Training\Model Variants\Regression\Logistic_Regression\Log_Regression_Final_Selected_Model.ipynb,Training/Model Variants/Regression/Logistic_Regression/Log_Regression_Final_Selected_Model.ipynb,extract_mfcc_features,31,30,0.5263,22,## 10. MFCC Feature Extraction,configuration/paths; feature preparation; function definitions,39,40,9,1,True
D:\Benjamin Data\Introduction to AI\Intro-to-AI\Training\Model Variants\Regression\Logistic_Regression\Log_Regression_Final_Selected_Model.ipynb,Training/Model Variants/Regression/Logistic_Regression/Log_Regression_Final_Selected_Model.ipynb,load_audio_fixed,31,30,0.5263,5,## 10. MFCC Feature Extraction,configuration/paths; feature preparation; function definitions,39,,,1,True
D:\Benjamin Data\Introduction to AI\Intro-to-AI\Training\Model Variants\Regression\Logistic_Regression\Log_Regression_Final_Selected_Model.ipynb,Training/Model Variants/Regression/Logistic_Regression/Log_Regression_Final_Selected_Model.ipynb,build_feature_table,40,39,0.6842,5,## 13. Aggregated MFCC Feature Preparation,dataset loading; feature preparation; training; outputs/saving; function definitions,27,52,12,3,True
D:\Benjamin Data\Introduction to AI\Intro-to-AI\Training\Model Variants\Regression\Logistic_Regression\Log_Regression_Penalty_Trial.ipynb,Training/Model Variants/Regression/Logistic_Regression/Log_Regression_Penalty_Trial.ipynb,mount_drive_if_colab,14,13,0.2955,4,## 5. Dataset Paths,imports/setup; function definitions,12,,,1,False
D:\Benjamin Data\Introduction to AI\Intro-to-AI\Training\Model Variants\Regression\Logistic_Regression\Log_Regression_Penalty_Trial.ipynb,Training/Model Variants/Regression/Logistic_Regression/Log_Regression_Penalty_Trial.ipynb,scan_audio_files,19,18,0.4091,4,## 6. Dataset Loading / Audio File Scan,dataset loading; outputs/saving; function definitions,21,21,2,2,False
D:\Benjamin Data\Introduction to AI\Intro-to-AI\Training\Model Variants\Regression\Logistic_Regression\Log_Regression_Penalty_Trial.ipynb,Training/Model Variants/Regression/Logistic_Regression/Log_Regression_Penalty_Trial.ipynb,aggregate_mfcc,31,30,0.6818,35,## 10. MFCC Feature Extraction,configuration/paths; feature preparation; function definitions,39,40,9,1,False
D:\Benjamin Data\Introduction to AI\Intro-to-AI\Training\Model Variants\Regression\Logistic_Regression\Log_Regression_Penalty_Trial.ipynb,Training/Model Variants/Regression/Logistic_Regression/Log_Regression_Penalty_Trial.ipynb,extract_mfcc_features,31,30,0.6818,22,## 10. MFCC Feature Extraction,configuration/paths; feature preparation; function definitions,39,40,9,1,False
D:\Benjamin Data\Introduction to AI\Intro-to-AI\Training\Model Variants\Regression\Logistic_Regression\Log_Regression_Penalty_Trial.ipynb,Training/Model Variants/Regression/Logistic_Regression/Log_Regression_Penalty_Trial.ipynb,load_audio_fixed,31,30,0.6818,5,## 10. MFCC Feature Extraction,configuration/paths; feature preparation; function definitions,39,,,1,False
D:\Benjamin Data\Introduction to AI\Intro-to-AI\Training\Model Variants\Regression\Logistic_Regression\Log_Regression_Penalty_Trial.ipynb,Training/Model Variants/Regression/Logistic_Regression/Log_Regression_Penalty_Trial.ipynb,build_feature_table,40,39,0.8864,5,## 13. Aggregated MFCC Feature Preparation,dataset loading; feature preparation; training; outputs/saving; function definitions,27,,,2,False
D:\Benjamin Data\Introduction to AI\Intro-to-AI\Training\Model Variants\Regression\Logistic_Regression\Log_Regression_Solver_Trial.ipynb,Training/Model Variants/Regression/Logistic_Regression/Log_Regression_Solver_Trial.ipynb,mount_drive_if_colab,14,13,0.2955,4,## 5. Dataset Paths,imports/setup; function definitions,12,,,1,False
D:\Benjamin Data\Introduction to AI\Intro-to-AI\Training\Model Variants\Regression\Logistic_Regression\Log_Regression_Solver_Trial.ipynb,Training/Model Variants/Regression/Logistic_Regression/Log_Regression_Solver_Trial.ipynb,scan_audio_files,19,18,0.4091,4,## 6. Dataset Loading / Audio File Scan,dataset loading; outputs/saving; function definitions,21,21,2,2,False
D:\Benjamin Data\Introduction to AI\Intro-to-AI\Training\Model Variants\Regression\Logistic_Regression\Log_Regression_Solver_Trial.ipynb,Training/Model Variants/Regression/Logistic_Regression/Log_Regression_Solver_Trial.ipynb,aggregate_mfcc,31,30,0.6818,35,## 10. MFCC Feature Extraction,configuration/paths; feature preparation; function definitions,39,40,9,1,False
D:\Benjamin Data\Introduction to AI\Intro-to-AI\Training\Model Variants\Regression\Logistic_Regression\Log_Regression_Solver_Trial.ipynb,Training/Model Variants/Regression/Logistic_Regression/Log_Regression_Solver_Trial.ipynb,extract_mfcc_features,31,30,0.6818,22,## 10. MFCC Feature Extraction,configuration/paths; feature preparation; function definitions,39,40,9,1,False
D:\Benjamin Data\Introduction to AI\Intro-to-AI\Training\Model Variants\Regression\Logistic_Regression\Log_Regression_Solver_Trial.ipynb,Training/Model Variants/Regression/Logistic_Regression/Log_Regression_Solver_Trial.ipynb,load_audio_fixed,31,30,0.6818,5,## 10. MFCC Feature Extraction,configuration/paths; feature preparation; function definitions,39,,,1,False
D:\Benjamin Data\Introduction to AI\Intro-to-AI\Training\Model Variants\Regression\Logistic_Regression\Log_Regression_Solver_Trial.ipynb,Training/Model Variants/Regression/Logistic_Regression/Log_Regression_Solver_Trial.ipynb,build_feature_table,40,39,0.8864,5,## 13. Aggregated MFCC Feature Preparation,dataset loading; feature preparation; training; outputs/saving; function definitions,27,,,2,False
D:\Benjamin Data\Introduction to AI\Intro-to-AI\Training\Model Variants\Support Vector Machine\SupportVectorMachine_Baseline.ipynb,Training/Model Variants/Support Vector Machine/SupportVectorMachine_Baseline.ipynb,mount_drive_if_colab,16,15,0.2632,1,## 5. Dataset Paths,imports/setup; dataset loading; training; evaluation; outputs/saving; function definitions,91,,,1,True
D:\Benjamin Data\Introduction to AI\Intro-to-AI\Training\Model Variants\Support Vector Machine\SupportVectorMachine_Baseline.ipynb,Training/Model Variants/Support Vector Machine/SupportVectorMachine_Baseline.ipynb,scan_audio_files,19,18,0.3158,1,## 6. Dataset Loading / Audio File Scan,configuration/paths; dataset loading; feature preparation; training; outputs/saving; function definitions,169,,,2,True
D:\Benjamin Data\Introduction to AI\Intro-to-AI\Training\Model Variants\Support Vector Machine\SupportVectorMachine_Baseline.ipynb,Training/Model Variants/Support Vector Machine/SupportVectorMachine_Baseline.ipynb,load_audio_fixed,28,27,0.4737,1,## 9. Audio Preprocessing,configuration/paths; dataset loading; feature preparation; function definitions,57,31,3,2,True
D:\Benjamin Data\Introduction to AI\Intro-to-AI\Training\Model Variants\Support Vector Machine\SupportVectorMachine_Baseline.ipynb,Training/Model Variants/Support Vector Machine/SupportVectorMachine_Baseline.ipynb,aggregate_mfcc,31,30,0.5263,40,## 10. MFCC Feature Extraction,configuration/paths; dataset loading; feature preparation; model definition; outputs/saving; function definitions,76,40,9,2,True
D:\Benjamin Data\Introduction to AI\Intro-to-AI\Training\Model Variants\Support Vector Machine\SupportVectorMachine_Baseline.ipynb,Training/Model Variants/Support Vector Machine/SupportVectorMachine_Baseline.ipynb,extract_mfcc_features,31,30,0.5263,1,## 10. MFCC Feature Extraction,configuration/paths; dataset loading; feature preparation; model definition; outputs/saving; function definitions,76,40,9,2,True
D:\Benjamin Data\Introduction to AI\Intro-to-AI\Training\Model Variants\Support Vector Machine\SupportVectorMachine_Baseline.ipynb,Training/Model Variants/Support Vector Machine/SupportVectorMachine_Baseline.ipynb,build_feature_table,40,39,0.6842,1,## 13. Aggregated MFCC Feature Preparation,dataset loading; feature preparation; training; outputs/saving; function definitions,85,52,12,3,True
D:\Benjamin Data\Introduction to AI\Intro-to-AI\Training\Model Variants\Support Vector Machine\SupportVectorMachine_Baseline.ipynb,Training/Model Variants/Support Vector Machine/SupportVectorMachine_Baseline.ipynb,evaluate_classifier,46,45,0.7895,1,## 15. SVM Model Definition,dataset loading; feature preparation; model definition; training; evaluation; outputs/saving; function definitions,100,49,3,2,True
D:\Benjamin Data\Introduction to AI\Intro-to-AI\Training\Model Variants\Support Vector Machine\SupportVectorMachine_Baseline.ipynb,Training/Model Variants/Support Vector Machine/SupportVectorMachine_Baseline.ipynb,plot_confusion_matrix,55,54,0.9474,1,## 18. Confusion Matrix,evaluation; outputs/saving; function definitions,22,,,1,True
D:\Benjamin Data\Introduction to AI\Intro-to-AI\Training\Model Variants\Support Vector Machine\SupportVectorMachine_C_Trial.ipynb,Training/Model Variants/Support Vector Machine/SupportVectorMachine_C_Trial.ipynb,load_json,6,5,0.3846,64,## 2. Load Shared SVM Cache,imports/setup; configuration/paths; dataset loading; feature preparation; model definition; training; evaluation; outputs/saving; function definitions,116,,,1,True
D:\Benjamin Data\Introduction to AI\Intro-to-AI\Training\Model Variants\Support Vector Machine\SupportVectorMachine_C_Trial.ipynb,Training/Model Variants/Support Vector Machine/SupportVectorMachine_C_Trial.ipynb,require_file,6,5,0.3846,54,## 2. Load Shared SVM Cache,imports/setup; configuration/paths; dataset loading; feature preparation; model definition; training; evaluation; outputs/saving; function definitions,116,,,3,True
D:\Benjamin Data\Introduction to AI\Intro-to-AI\Training\Model Variants\Support Vector Machine\SupportVectorMachine_C_Trial.ipynb,Training/Model Variants/Support Vector Machine/SupportVectorMachine_C_Trial.ipynb,resolve_project_root,6,5,0.3846,27,## 2. Load Shared SVM Cache,imports/setup; configuration/paths; dataset loading; feature preparation; model definition; training; evaluation; outputs/saving; function definitions,116,,,1,True
D:\Benjamin Data\Introduction to AI\Intro-to-AI\Training\Model Variants\Support Vector Machine\SupportVectorMachine_C_Trial.ipynb,Training/Model Variants/Support Vector Machine/SupportVectorMachine_C_Trial.ipynb,evaluate_classifier,10,9,0.6923,1,## 4. Evaluation Helper,evaluation; outputs/saving; function definitions,11,12,2,1,True
D:\Benjamin Data\Introduction to AI\Intro-to-AI\Training\Model Variants\Support Vector Machine\SupportVectorMachine_Class_Weight_Trial.ipynb,Training/Model Variants/Support Vector Machine/SupportVectorMachine_Class_Weight_Trial.ipynb,load_json,6,5,0.3846,64,## 2. Load Shared SVM Cache,imports/setup; configuration/paths; dataset loading; feature preparation; model definition; training; evaluation; outputs/saving; function definitions,116,,,1,True
D:\Benjamin Data\Introduction to AI\Intro-to-AI\Training\Model Variants\Support Vector Machine\SupportVectorMachine_Class_Weight_Trial.ipynb,Training/Model Variants/Support Vector Machine/SupportVectorMachine_Class_Weight_Trial.ipynb,require_file,6,5,0.3846,54,## 2. Load Shared SVM Cache,imports/setup; configuration/paths; dataset loading; feature preparation; model definition; training; evaluation; outputs/saving; function definitions,116,,,3,True
D:\Benjamin Data\Introduction to AI\Intro-to-AI\Training\Model Variants\Support Vector Machine\SupportVectorMachine_Class_Weight_Trial.ipynb,Training/Model Variants/Support Vector Machine/SupportVectorMachine_Class_Weight_Trial.ipynb,resolve_project_root,6,5,0.3846,27,## 2. Load Shared SVM Cache,imports/setup; configuration/paths; dataset loading; feature preparation; model definition; training; evaluation; outputs/saving; function definitions,116,,,1,True
D:\Benjamin Data\Introduction to AI\Intro-to-AI\Training\Model Variants\Support Vector Machine\SupportVectorMachine_Class_Weight_Trial.ipynb,Training/Model Variants/Support Vector Machine/SupportVectorMachine_Class_Weight_Trial.ipynb,evaluate_classifier,10,9,0.6923,1,## 4. Evaluation Helper,evaluation; outputs/saving; function definitions,11,12,2,1,True
D:\Benjamin Data\Introduction to AI\Intro-to-AI\Training\Model Variants\Support Vector Machine\SupportVectorMachine_Data_Preparation.ipynb,Training/Model Variants/Support Vector Machine/SupportVectorMachine_Data_Preparation.ipynb,first_existing_path,6,5,0.5556,66,"## 2. Imports, Configuration and Paths",imports/setup; configuration/paths; dataset loading; training; outputs/saving; function definitions,107,,,2,True
D:\Benjamin Data\Introduction to AI\Intro-to-AI\Training\Model Variants\Support Vector Machine\SupportVectorMachine_Data_Preparation.ipynb,Training/Model Variants/Support Vector Machine/SupportVectorMachine_Data_Preparation.ipynb,mount_drive_if_colab,6,5,0.5556,39,"## 2. Imports, Configuration and Paths",imports/setup; configuration/paths; dataset loading; training; outputs/saving; function definitions,107,,,1,True
D:\Benjamin Data\Introduction to AI\Intro-to-AI\Training\Model Variants\Support Vector Machine\SupportVectorMachine_Data_Preparation.ipynb,Training/Model Variants/Support Vector Machine/SupportVectorMachine_Data_Preparation.ipynb,resolve_project_root,6,5,0.5556,51,"## 2. Imports, Configuration and Paths",imports/setup; configuration/paths; dataset loading; training; outputs/saving; function definitions,107,,,1,True
D:\Benjamin Data\Introduction to AI\Intro-to-AI\Training\Model Variants\Support Vector Machine\SupportVectorMachine_Data_Preparation.ipynb,Training/Model Variants/Support Vector Machine/SupportVectorMachine_Data_Preparation.ipynb,scan_audio_files,8,7,0.7778,4,## 3. Frozen Train / Validation / Test Manifests,configuration/paths; dataset loading; training; outputs/saving; function definitions,113,,,2,True
D:\Benjamin Data\Introduction to AI\Intro-to-AI\Training\Model Variants\Support Vector Machine\SupportVectorMachine_Data_Preparation.ipynb,Training/Model Variants/Support Vector Machine/SupportVectorMachine_Data_Preparation.ipynb,split_config_matches,8,7,0.7778,32,## 3. Frozen Train / Validation / Test Manifests,configuration/paths; dataset loading; training; outputs/saving; function definitions,113,,,2,True
D:\Benjamin Data\Introduction to AI\Intro-to-AI\Training\Model Variants\Support Vector Machine\SupportVectorMachine_Data_Preparation.ipynb,Training/Model Variants/Support Vector Machine/SupportVectorMachine_Data_Preparation.ipynb,build_feature_table,10,9,1.0,28,## 4. One-Time MFCC Extraction and Train-Only Scaling,configuration/paths; feature preparation; training; outputs/saving; function definitions,98,,,3,True
D:\Benjamin Data\Introduction to AI\Intro-to-AI\Training\Model Variants\Support Vector Machine\SupportVectorMachine_Data_Preparation.ipynb,Training/Model Variants/Support Vector Machine/SupportVectorMachine_Data_Preparation.ipynb,extract_aggregated_mfcc,10,9,1.0,13,## 4. One-Time MFCC Extraction and Train-Only Scaling,configuration/paths; feature preparation; training; outputs/saving; function definitions,98,,,1,True
D:\Benjamin Data\Introduction to AI\Intro-to-AI\Training\Model Variants\Support Vector Machine\SupportVectorMachine_Data_Preparation.ipynb,Training/Model Variants/Support Vector Machine/SupportVectorMachine_Data_Preparation.ipynb,load_audio_fixed,10,9,1.0,1,## 4. One-Time MFCC Extraction and Train-Only Scaling,configuration/paths; feature preparation; training; outputs/saving; function definitions,98,,,1,True
D:\Benjamin Data\Introduction to AI\Intro-to-AI\Training\Model Variants\Support Vector Machine\SupportVectorMachine_Final_Selected_Model.ipynb,Training/Model Variants/Support Vector Machine/SupportVectorMachine_Final_Selected_Model.ipynb,load_json,6,5,0.2941,64,## 2. Load Shared SVM Cache,imports/setup; configuration/paths; dataset loading; feature preparation; model definition; training; evaluation; outputs/saving; function definitions,116,,,1,True
D:\Benjamin Data\Introduction to AI\Intro-to-AI\Training\Model Variants\Support Vector Machine\SupportVectorMachine_Final_Selected_Model.ipynb,Training/Model Variants/Support Vector Machine/SupportVectorMachine_Final_Selected_Model.ipynb,require_file,6,5,0.2941,54,## 2. Load Shared SVM Cache,imports/setup; configuration/paths; dataset loading; feature preparation; model definition; training; evaluation; outputs/saving; function definitions,116,,,3,True
D:\Benjamin Data\Introduction to AI\Intro-to-AI\Training\Model Variants\Support Vector Machine\SupportVectorMachine_Final_Selected_Model.ipynb,Training/Model Variants/Support Vector Machine/SupportVectorMachine_Final_Selected_Model.ipynb,resolve_project_root,6,5,0.2941,27,## 2. Load Shared SVM Cache,imports/setup; configuration/paths; dataset loading; feature preparation; model definition; training; evaluation; outputs/saving; function definitions,116,,,1,True
D:\Benjamin Data\Introduction to AI\Intro-to-AI\Training\Model Variants\Support Vector Machine\SupportVectorMachine_Final_Selected_Model.ipynb,Training/Model Variants/Support Vector Machine/SupportVectorMachine_Final_Selected_Model.ipynb,evaluate_classifier,10,9,0.5294,1,## 4. Evaluation Helper,evaluation; outputs/saving; function definitions,11,14,4,1,True
D:\Benjamin Data\Introduction to AI\Intro-to-AI\Training\Model Variants\Support Vector Machine\SupportVectorMachine_Gamma_Trial.ipynb,Training/Model Variants/Support Vector Machine/SupportVectorMachine_Gamma_Trial.ipynb,load_json,6,5,0.3846,64,## 2. Load Shared SVM Cache,imports/setup; configuration/paths; dataset loading; feature preparation; model definition; training; evaluation; outputs/saving; function definitions,116,,,1,True
D:\Benjamin Data\Introduction to AI\Intro-to-AI\Training\Model Variants\Support Vector Machine\SupportVectorMachine_Gamma_Trial.ipynb,Training/Model Variants/Support Vector Machine/SupportVectorMachine_Gamma_Trial.ipynb,require_file,6,5,0.3846,54,## 2. Load Shared SVM Cache,imports/setup; configuration/paths; dataset loading; feature preparation; model definition; training; evaluation; outputs/saving; function definitions,116,,,3,True
D:\Benjamin Data\Introduction to AI\Intro-to-AI\Training\Model Variants\Support Vector Machine\SupportVectorMachine_Gamma_Trial.ipynb,Training/Model Variants/Support Vector Machine/SupportVectorMachine_Gamma_Trial.ipynb,resolve_project_root,6,5,0.3846,27,## 2. Load Shared SVM Cache,imports/setup; configuration/paths; dataset loading; feature preparation; model definition; training; evaluation; outputs/saving; function definitions,116,,,1,True
D:\Benjamin Data\Introduction to AI\Intro-to-AI\Training\Model Variants\Support Vector Machine\SupportVectorMachine_Gamma_Trial.ipynb,Training/Model Variants/Support Vector Machine/SupportVectorMachine_Gamma_Trial.ipynb,evaluate_classifier,10,9,0.6923,1,## 4. Evaluation Helper,evaluation; outputs/saving; function definitions,11,12,2,1,True
D:\Benjamin Data\Introduction to AI\Intro-to-AI\Training\Model Variants\Support Vector Machine\SupportVectorMachine_Kernel_Trial.ipynb,Training/Model Variants/Support Vector Machine/SupportVectorMachine_Kernel_Trial.ipynb,load_json,6,5,0.3846,64,## 2. Load Shared SVM Cache,imports/setup; configuration/paths; dataset loading; feature preparation; model definition; training; evaluation; outputs/saving; function definitions,116,,,1,True
D:\Benjamin Data\Introduction to AI\Intro-to-AI\Training\Model Variants\Support Vector Machine\SupportVectorMachine_Kernel_Trial.ipynb,Training/Model Variants/Support Vector Machine/SupportVectorMachine_Kernel_Trial.ipynb,require_file,6,5,0.3846,54,## 2. Load Shared SVM Cache,imports/setup; configuration/paths; dataset loading; feature preparation; model definition; training; evaluation; outputs/saving; function definitions,116,,,3,True
D:\Benjamin Data\Introduction to AI\Intro-to-AI\Training\Model Variants\Support Vector Machine\SupportVectorMachine_Kernel_Trial.ipynb,Training/Model Variants/Support Vector Machine/SupportVectorMachine_Kernel_Trial.ipynb,resolve_project_root,6,5,0.3846,27,## 2. Load Shared SVM Cache,imports/setup; configuration/paths; dataset loading; feature preparation; model definition; training; evaluation; outputs/saving; function definitions,116,,,1,True
D:\Benjamin Data\Introduction to AI\Intro-to-AI\Training\Model Variants\Support Vector Machine\SupportVectorMachine_Kernel_Trial.ipynb,Training/Model Variants/Support Vector Machine/SupportVectorMachine_Kernel_Trial.ipynb,evaluate_classifier,10,9,0.6923,1,## 4. Evaluation Helper,evaluation; outputs/saving; function definitions,11,12,2,1,True
D:\Benjamin Data\Introduction to AI\Intro-to-AI\Training\Model Variants\Support Vector Machine\SupportVectorMachine_Trial_Comparison.ipynb,Training/Model Variants/Support Vector Machine/SupportVectorMachine_Trial_Comparison.ipynb,resolve_project_root,4,3,0.4286,11,## 1. Paths,imports/setup; configuration/paths; function definitions,26,,,1,False
